Workbook

Sheet Kapacity fondu v síti - vzor
A1: Pobočka č. | B1: Pobočka | C1: Oblast | D1: Lokace - systémové označení (Koniáš) | E1: Typ | F1: Označení | G1: Kapacita svazky | H1: Kapacita - počet polic | I1: Kapacita - současný stav | J1: Kapacita - rozměr polic | K1: Poznámka | L1: Jakou byste doporučili ideální naplněnost?
A2: =IFERROR(VLOOKUP(B2,Pobočky!$A$1:$C$45,3,FALSE)," ") -> 29 | B2: Smíchov | C2: =IFERROR(VLOOKUP(B2,Pobočky!$A$1:$C$45,2,FALSE)," ") -> Jihozápad | D2: SMI-BELDE (beletrie pro děti) | E2: Beletrie - děti | F2: DÍVKA (piktogram) | G2: 20 | H2: 5 | J2: 81 | K2: A1 + A4 | L2: 0.7
A3: 29 | B3: Smíchov | C3: =IFERROR(VLOOKUP(B3,Pobočky!$A$1:$C$45,2,FALSE)," ") -> Jihozápad | D3: SMI-CHRVOL (Příruční sklad - výdej u info bodu 1) | G3: 505 | H3: 10 | J3: 81 | K3: místo využívané na SAMOPRA (čeká na ochy, kompletaci atd.) | L3: 1
A4: 29 | B4: Smíchov | C4: =IFERROR(VLOOKUP(B4,Pobočky!$A$1:$C$45,2,FALSE)," ") -> Jihozápad | D4: SMI-DOPOR (Doporučujeme) | E4: Beletrie - dospělí | F4: A1 | G4: 1170 | H4: 5 | J4: 81 | L4: 0.5
A5: =IFERROR(VLOOKUP(B5,Pobočky!$A$1:$C$45,3,FALSE)," ") -> 29 | B5: Smíchov | C5: =IFERROR(VLOOKUP(B5,Pobočky!$A$1:$C$45,2,FALSE)," ") -> Jihozápad | D5: SMI-DOPOR (Doporučujeme) | E5: Naučná - dospělí | G5: 5 | H5: 5 | J5: 81 | K5: všechny ochy - tématické výstavky | L5: 0.5
A6: =IFERROR(VLOOKUP(B6,Pobočky!$A$1:$C$45,3,FALSE)," ") -> 29 | B6: Smíchov | C6: =IFERROR(VLOOKUP(B6,Pobočky!$A$1:$C$45,2,FALSE)," ") -> Jihozápad | D6: SMI-DOPOR (Doporučujeme) | E6: Beletrie - dospělí | F6: PISTOLE (piktogram) | G6: 450 | H6: 4 | J6: 40 | K6: prezentační stojan | L6: 0.3
A7: =IFERROR(VLOOKUP(B7,Pobočky!$A$1:$C$45,3,FALSE)," ") | C7: =IFERROR(VLOOKUP(B7,Pobočky!$A$1:$C$45,2,FALSE)," ") | G7: 280
A8: =IFERROR(VLOOKUP(B8,Pobočky!$A$1:$C$45,3,FALSE)," ") | C8: =IFERROR(VLOOKUP(B8,Pobočky!$A$1:$C$45,2,FALSE)," ") | G8: 30
A9: 48 | B9: Ostrovského | C9: =IFERROR(VLOOKUP(B9,Pobočky!$A$1:$C$45,2,FALSE)," ") -> Jihozápad | D9: OSV-NAUDO (XYZ) | E9: Naučná - děti | F9: X | G9: 100 | H9: 0.25 | J9: 80 | L9: 0.7
A10: 48 | B10: Ostrovského | C10: =IFERROR(VLOOKUP(B10,Pobočky!$A$1:$C$45,2,FALSE)," ") -> Jihozápad | D10: OSV-NAUDO (XYZ) | E10: Naučná - dospělí | F10: X | G10: 5 | H10: 1.75 | J10: 80 | L10: 0.7
A11: =IFERROR(VLOOKUP(B11,Pobočky!$A$1:$C$45,3,FALSE)," ") | C11: =IFERROR(VLOOKUP(B11,Pobočky!$A$1:$C$45,2,FALSE)," ") | G11: 185
A12: =IFERROR(VLOOKUP(B12,Pobočky!$A$1:$C$45,3,FALSE)," ") | C12: =IFERROR(VLOOKUP(B12,Pobočky!$A$1:$C$45,2,FALSE)," ") | G12: 5
A13: =IFERROR(VLOOKUP(B13,Pobočky!$A$1:$C$45,3,FALSE)," ") -> 81 | B13: Lužiny | C13: =IFERROR(VLOOKUP(B13,Pobočky!$A$1:$C$45,2,FALSE)," ") -> Jihozápad | D13: LUZ-CIZJAZ (Cizojazyčná + sci-fi a fantasy) | E13: Beletrie - dospělí | F13: MÁG (piktogram) | G13: 5 | H13: 22 | J13: 81 | K13: A1 | L13: 0.7
A14: =IFERROR(VLOOKUP(B14,Pobočky!$A$1:$C$45,3,FALSE)," ") -> 81 | B14: Lužiny | C14: =IFERROR(VLOOKUP(B14,Pobočky!$A$1:$C$45,2,FALSE)," ") -> Jihozápad | D14: LUZ-CIZJAZ (Cizojazyčná + sci-fi a fantasy) | E14: Beletrie - děti | F14: MÁG (piktogram) | G14: 5 | H14: 7 | J14: 81 | K14: A4 | L14: 0.7
A15: =IFERROR(VLOOKUP(B15,Pobočky!$A$1:$C$45,3,FALSE)," ") -> 81 | B15: Lužiny | C15: =IFERROR(VLOOKUP(B15,Pobočky!$A$1:$C$45,2,FALSE)," ") -> Jihozápad | D15: LUZ-CIZJAZ (Cizojazyčná + sci-fi a fantasy) | E15: Beletrie - dospělí | F15: E.T. (piktogram) | G15: 35 | H15: 15 | J15: 81 | K15: A1 | L15: 0.7
A16: =IFERROR(VLOOKUP(B16,Pobočky!$A$1:$C$45,3,FALSE)," ") -> 81 | B16: Lužiny | C16: =IFERROR(VLOOKUP(B16,Pobočky!$A$1:$C$45,2,FALSE)," ") -> Jihozápad | D16: LUZ-CIZJAZ (Cizojazyčná + sci-fi a fantasy) | E16: Beletrie - děti | F16: E.T. (piktogram) | G16: 110 | H16: 1.5 | J16: 81 | K16: A4 | L16: 0.7
A17: =IFERROR(VLOOKUP(B17,Pobočky!$A$1:$C$45,3,FALSE)," ") -> 81 | B17: Lužiny | C17: =IFERROR(VLOOKUP(B17,Pobočky!$A$1:$C$45,2,FALSE)," ") -> Jihozápad | D17: LUZ-CIZJAZ (Cizojazyčná + sci-fi a fantasy) | E17: Beletrie - dospělí | F17: komiksy | G17: 20 | H17: 10 | J17: 81 | K17: včetně naučných komiksů | L17: 0.5
A18: =IFERROR(VLOOKUP(B18,Pobočky!$A$1:$C$45,3,FALSE)," ") | C18: =IFERROR(VLOOKUP(B18,Pobočky!$A$1:$C$45,2,FALSE)," ") | G18: 1
A19: =IFERROR(VLOOKUP(B19,Pobočky!$A$1:$C$45,3,FALSE)," ") | C19: =IFERROR(VLOOKUP(B19,Pobočky!$A$1:$C$45,2,FALSE)," ") | G19: 1
A20: =IFERROR(VLOOKUP(B20,Pobočky!$A$1:$C$45,3,FALSE)," ") -> 56 | B20: Dům čtení | C20: =IFERROR(VLOOKUP(B20,Pobočky!$A$1:$C$45,2,FALSE)," ") -> Jihovýchod | D20: RUS-BELDO | E20: Beletrie - dospělí | F20: A1 | G20: 1 | K20: Piktogram KMET (různé OCHy, beletrie i naučná)
A21: =IFERROR(VLOOKUP(B21,Pobočky!$A$1:$C$45,3,FALSE)," ") -> 56 | B21: Dům čtení | C21: =IFERROR(VLOOKUP(B21,Pobočky!$A$1:$C$45,2,FALSE)," ") -> Jihovýchod | D21: RUS-BELDO | E21: Beletrie - dospělí | F21: A1 | G21: 1 | K21: Piktogram KOVBOJ
A22: =IFERROR(VLOOKUP(B22,Pobočky!$A$1:$C$45,3,FALSE)," ") -> 56 | B22: Dům čtení | C22: =IFERROR(VLOOKUP(B22,Pobočky!$A$1:$C$45,2,FALSE)," ") -> Jihovýchod | D22: RUS-BELDO | E22: Beletrie - dospělí | F22: A1 | G22: 1 | K22: Piktogram LEBKA
A24: =IFERROR(VLOOKUP(B24,Pobočky!$A$1:$C$45,3,FALSE)," ") | C24: =IFERROR(VLOOKUP(B24,Pobočky!$A$1:$C$45,2,FALSE)," ") | G24: 370
A25: =IFERROR(VLOOKUP(B25,Pobočky!$A$1:$C$45,3,FALSE)," ") | C25: =IFERROR(VLOOKUP(B25,Pobočky!$A$1:$C$45,2,FALSE)," ") | G25: 7600
A26: =IFERROR(VLOOKUP(B26,Pobočky!$A$1:$C$45,3,FALSE)," ") | C26: =IFERROR(VLOOKUP(B26,Pobočky!$A$1:$C$45,2,FALSE)," ") | G26: 660
A27: =IFERROR(VLOOKUP(B27,Pobočky!$A$1:$C$45,3,FALSE)," ") | C27: =IFERROR(VLOOKUP(B27,Pobočky!$A$1:$C$45,2,FALSE)," ") | G27: 150
A28: =IFERROR(VLOOKUP(B28,Pobočky!$A$1:$C$45,3,FALSE)," ") | C28: =IFERROR(VLOOKUP(B28,Pobočky!$A$1:$C$45,2,FALSE)," ") | G28: 1040
A29: =IFERROR(VLOOKUP(B29,Pobočky!$A$1:$C$45,3,FALSE)," ") | C29: =IFERROR(VLOOKUP(B29,Pobočky!$A$1:$C$45,2,FALSE)," ") | G29: 20
A30: =IFERROR(VLOOKUP(B30,Pobočky!$A$1:$C$45,3,FALSE)," ") | C30: =IFERROR(VLOOKUP(B30,Pobočky!$A$1:$C$45,2,FALSE)," ") | G30: 40
A31: =IFERROR(VLOOKUP(B31,Pobočky!$A$1:$C$45,3,FALSE)," ") | C31: =IFERROR(VLOOKUP(B31,Pobočky!$A$1:$C$45,2,FALSE)," ") | G31: 70
A32: =IFERROR(VLOOKUP(B32,Pobočky!$A$1:$C$45,3,FALSE)," ") | C32: =IFERROR(VLOOKUP(B32,Pobočky!$A$1:$C$45,2,FALSE)," ") | G32: 330
A33: =IFERROR(VLOOKUP(B33,Pobočky!$A$1:$C$45,3,FALSE)," ") | C33: =IFERROR(VLOOKUP(B33,Pobočky!$A$1:$C$45,2,FALSE)," ") | G33: 40
A34: =IFERROR(VLOOKUP(B34,Pobočky!$A$1:$C$45,3,FALSE)," ") | C34: =IFERROR(VLOOKUP(B34,Pobočky!$A$1:$C$45,2,FALSE)," ") | G34: 20
A35: =IFERROR(VLOOKUP(B35,Pobočky!$A$1:$C$45,3,FALSE)," ") | C35: =IFERROR(VLOOKUP(B35,Pobočky!$A$1:$C$45,2,FALSE)," ") | G35: 40
... A97: =IFERROR(VLOOKUP(B97,Pobočky!$A$1:$C$45,3,FALSE)," ") | C97: =IFERROR(VLOOKUP(B97,Pobočky!$A$1:$C$45,2,FALSE)," ") | G97: 490

Sheet Kapacity fondu v síti - vzor2
A1: Pobočka č. | B1: Pobočka | C1: Oblast | D1: Lokace - systémové označení (Koniáš) | E1: Typ | F1: Označení | G1: Kapacita svazky | H1: Kapacita - počet polic | I1: Kapacita - současný stav | J1: Kapacita - rozměr polic | K1: Poznámka | L1: Jakou byste doporučili ideální naplněnost?
A2: =IFERROR(VLOOKUP(B2,Pobočky!$A$1:$C$45,3,FALSE)," ") | C2: =IFERROR(VLOOKUP(B2,Pobočky!$A$1:$C$45,2,FALSE)," ")
A3: =IFERROR(VLOOKUP(B3,Pobočky!$A$1:$C$45,3,FALSE)," ") | C3: =IFERROR(VLOOKUP(B3,Pobočky!$A$1:$C$45,2,FALSE)," ")
A4: =IFERROR(VLOOKUP(B4,Pobočky!$A$1:$C$45,3,FALSE)," ") | C4: =IFERROR(VLOOKUP(B4,Pobočky!$A$1:$C$45,2,FALSE)," ")
A5: =IFERROR(VLOOKUP(B5,Pobočky!$A$1:$C$45,3,FALSE)," ") | C5: =IFERROR(VLOOKUP(B5,Pobočky!$A$1:$C$45,2,FALSE)," ")
A6: =IFERROR(VLOOKUP(B6,Pobočky!$A$1:$C$45,3,FALSE)," ") | C6: =IFERROR(VLOOKUP(B6,Pobočky!$A$1:$C$45,2,FALSE)," ")
A7: =IFERROR(VLOOKUP(B7,Pobočky!$A$1:$C$45,3,FALSE)," ") | C7: =IFERROR(VLOOKUP(B7,Pobočky!$A$1:$C$45,2,FALSE)," ")
A8: =IFERROR(VLOOKUP(B8,Pobočky!$A$1:$C$45,3,FALSE)," ") | C8: =IFERROR(VLOOKUP(B8,Pobočky!$A$1:$C$45,2,FALSE)," ")
A9: =IFERROR(VLOOKUP(B9,Pobočky!$A$1:$C$45,3,FALSE)," ") | C9: =IFERROR(VLOOKUP(B9,Pobočky!$A$1:$C$45,2,FALSE)," ")
A10: =IFERROR(VLOOKUP(B10,Pobočky!$A$1:$C$45,3,FALSE)," ") | C10: =IFERROR(VLOOKUP(B10,Pobočky!$A$1:$C$45,2,FALSE)," ")
A11: =IFERROR(VLOOKUP(B11,Pobočky!$A$1:$C$45,3,FALSE)," ") | C11: =IFERROR(VLOOKUP(B11,Pobočky!$A$1:$C$45,2,FALSE)," ")
A12: =IFERROR(VLOOKUP(B12,Pobočky!$A$1:$C$45,3,FALSE)," ") | C12: =IFERROR(VLOOKUP(B12,Pobočky!$A$1:$C$45,2,FALSE)," ")
A13: =IFERROR(VLOOKUP(B13,Pobočky!$A$1:$C$45,3,FALSE)," ") | C13: =IFERROR(VLOOKUP(B13,Pobočky!$A$1:$C$45,2,FALSE)," ")
... A417: =IFERROR(VLOOKUP(B417,Pobočky!$A$1:$C$45,3,FALSE)," ") | C417: =IFERROR(VLOOKUP(B417,Pobočky!$A$1:$C$45,2,FALSE)," ")

Sheet Pobočky
A1: Název | B1: Oblast | C1: Číslo
A2: Ústřední knihovna
A3: Hradčany | B3: Středozápad | C3: 3
A4: Ostrčilovo náměstí | B4: Středozápad | C4: 4
A5: Školská | B5: Středozápad | C5: 8
A6: Žižkov | B6: Středozápad | C6: 15
A7: Břevnov | B7: Středozápad | C7: 35
A8: Dědina | B8: Středozápad | C8: 37
A9: Dejvice | B9: Středozápad | C9: 38
A10: Petřiny | B10: Středozápad | C10: 42
A11: Dittrichova | B11: Středozápad | C11: 51
A12: Záhřebská | B12: Středozápad | C12: 65
A13: Vozovna | B13: Středozápad | C13: 66
A14: Sedmička | B14: Severovýchod | C14: 5
... A45: Stodůlky | B45: Jihozápad | C45: 84

Sheet Označení
A1: Označení | D1: och | E1: popis | F1: OCHy a piktogramy | G1: Koeficient
A2: PRINCEZNA (piktogram) | D2: J | E2: CIZOJAZYČNÁ BELETRIE. | F2: J - CIZOJAZYČNÁ BELETRIE. | G2: 0.36 | J2: DOSPĚLÍ 100%
A3: DÍVKA (piktogram) | D3: A | E3: BELETRIE VŠEOBECNĚ. | F3: J1-J5 | G3: 0.36 | J3: OCH | K3: počet sv. na 1 cm reg.
A4: PEGAS (piktogram) | D4: B | E4: POEZIE. | F4: J6-J14 | G4: 0.36 | J4: A1 | K4: 0.33
A5: ÚSMĚV (piktogram) | D5: C | E5: DOMÁCNOST. | F5: A1 - beletrie pro dospělé čtenáře a mládež v češtině | G5: 0.33 | J5: J1-J5 | K5: 0.36
A6: poezie děti | D6: D | E6: DĚJINY. DĚJEPIS. | F6: A2 - knížky pro předškolní děti v češtině | G6: 0.83 | J6: J6-J14 | K6: 0.36
A7: PISTOLE (piktogram) | D7: E | E7: ZEMĚPIS. VLASTIVĚDA. ETNOGRAFIE. | F7: A3 – knížky pro děti do deseti let v češtině | G7: 0.64 | J7: B2 | K7: 0.57
A8: ost. cizojazyčná | D8: G | E8: SPOLEČENSKÉ VĚDY. | F8: A4 – próza pro starší děti v češtině | G8: 0.43 | J8: B1 | K8: 0.42
A9: MÁG (piktogram) | D9: K | E9: PŘÍRODNÍ VĚDY. | F9: B1 – dramatická literatura, divadelní hry, rozhlasové hry, filmové a televizní scénáře | G9: 0.42
A10: E.T. (piktogram) | D10: L | E10: FILOZOFIE. PSYCHOLOGIE. ESTETIKA. ETIKA. LOGIKA. NÁBOŽENSTVÍ. | F10: A - BELETRIE VŠEOBECNĚ. | G10: 0.56 | J10: C | K10: 0.62
A11: komiksy | D11: N | E11: PEDAGOGIKA. ŠKOLSTVÍ. VÝCHOVA. VZDĚLÁVÁNÍ. | F11: B1 – dramatická literatura, divadelní hry, rozhlasové hry, filmové a televizní scénáře | G11: 0.42 | J11: D | K11: 0.38
A12: leporela | D12: O | E12: PRÁVO. PRÁVNÍ VĚDA. | F12: B2 – poezie v češtině pro dospělé, mládež a starší děti | G12: 0.57 | J12: E | K12: 0.55
A13: ost. naučná | D13: P | E13: LÉKAŘSTVÍ A ZDRAVOTNICTVÍ. | F13: C - DOMÁCNOST. | G13: 0.62 | J13: G | K13: 0.42
A14: A1 | D14: R | E14: JAZYKOVĚDA. | F14: D - DĚJINY. DĚJEPIS. | G14: 0.38 | J14: K | K14: 0.51
A15: J1-J5 | D15: S | E15: UMĚNÍ. | F15: E - ZEMĚPIS. VLASTIVĚDA. ETNOGRAFIE. | G15: 0.55 | J15: L | K15: 0.47
A16: J6-J14 | D16: T | E16: TECHNIKA. | F16: G - SPOLEČENSKÉ VĚDY. | G16: 0.42 | J16: N | K16: 0.59
A17: B2 | D17: U | E17: VŠEOBECNÉ ENCYKLOPEDIE. | F17: GOW - společný OCH | G17: 0.7 | J17: O | K17: 0.53
A18: B1 | D18: V | E18: HUDBA. | F18: K - PŘÍRODNÍ VĚDY. | G18: 0.51 | J18: P | K18: 0.55
A19: C | D19: W | E19: VOJENSTVÍ. | F19: L - FILOZOFIE. PSYCHOLOGIE. ESTETIKA. ETIKA. LOGIKA. NÁBOŽENSTVÍ. | G19: 0.47 | J19: R | K19: 0.5
A20: D | D20: X | E20: LITERATURA. | F20: N - PEDAGOGIKA. ŠKOLSTVÍ. VÝCHOVA. VZDĚLÁVÁNÍ. | G20: 0.59 | J20: S | K20: 0.46
A21: E | D21: Y | E21: TĚLESNÁ VÝCHOVA A SPORT | F21: O - PRÁVO. PRÁVNÍ VĚDA. | G21: 0.53 | J21: T | K21: 0.59
A22: G | D22: Z | E22: ZEMĚDĚLSTVÍ. LESNICTVÍ. MYSLIVOST. | F22: P - LÉKAŘSTVÍ A ZDRAVOTNICTVÍ. | G22: 0.55 | J22: U | K22: 0.17
A23: K | F23: R - JAZYKOVĚDA. | G23: 0.5 | J23: VT | K23: 0.46
A24: L | F24: S - UMĚNÍ. | G24: 0.46 | J24: W | K24: 0.42
A25: N | F25: T - TECHNIKA. | G25: 0.59 | J25: X | K25: 0.39
A26: O | F26: U - VŠEOBECNÉ ENCYKLOPEDIE. | G26: 0.17 | J26: Y | K26: 0.56
A27: P | F27: V - HUDBA. | G27: 0.46 | J27: Z | K27: 0.67
A28: R | F28: W - VOJENSTVÍ. | G28: 0.42
A29: S | F29: X - LITERATURA. | G29: 0.39
A30: T | F30: Y - TĚLESNÁ VÝCHOVA A SPORT | G30: 0.56
A31: U | F31: Z - ZEMĚDĚLSTVÍ. LESNICTVÍ. MYSLIVOST. | G31: 0.67
A32: VT | F32: Leporela
A33: W | F33: Komiksy pro děti
A34: X | F34: Komiksy pro dospělé
A35: Y | F35: LEBKA - horory | G35: 0.3
A36: Z | F36: PISTOLE - detektivky | G36: 0.3
A37: A2 | F37: MILENCI - pro ženy | G37: 0.32
A38: A3 | F38: ÚSMĚV - humoristická | G38: 0.39
A39: A4 | F39: ERB - historická
A40: J1 - J14 | F40: DÍVKA - dívčí četba | G40: 0.42
F41: PEGAS - báje / mýty | G41: 0.42
F42: PRINCEZNA - pohádky | G42: 0.62
F43: KOVBOJ - dobrodružné
F44: E.T. - sci-fi | G44: 0.32
F45: MÁG - fantasy | G45: 0.31
F46: KMET - životopisná
F47: PÍSMÁK - paměti
F48: LYRA - hudební
F49: MASKA - divadelní
F50: BRÝLE - knihy s velkými písmeny

Sheet nové koeficienty 100%
A1: Metodika počítání kapacity pobočky - počty svazků 100% naplněnost
A3: DOSPĚLÍ 100% | D3: DĚTI 100% | G3: PIKTOGRAMY 100%
A4: OCH | B4: počet sv. na 1 cm reg. | D4: OCH | E4: počet sv. na 1 cm reg. | G4: PIKTOGRAM | H4: počet sv. na 1 cm reg.
A5: A1 | B5: 0.33 | D5: A2 | E5: 0.83 | G5: pohádky, princezna | H5: 0.62
A6: J1-J5 | B6: 0.36 | D6: A3 | E6: 0.64 | G6: báje, pegas | H6: 0.42
A7: J6-J14 | B7: 0.36 | D7: A4 | E7: 0.43 | G7: humor, úsměv | H7: 0.39
A8: B2 | B8: 0.57 | D8: J1 - J14 | E8: 0.72 | G8: dívčí, dívka | H8: 0.42
A9: B1 | B9: 0.42 | D9: B2 | E9: 0.76 | G9: pistole | H9: 0.3
G10: E.T. | H10: 0.32
A11: C | B11: 0.62 | D11: C | E11: 1 | G11: mág | H11: 0.31
A12: D | B12: 0.38 | D12: D | E12: 0.72 | G12: milenci | H12: 0.32
A13: E | B13: 0.55 | D13: E | E13: 0.78 | G13: lebka | H13: 0.3
A14: G | B14: 0.42 | D14: G | E14: 0.88 | G14: Tam, kde jsou samostatné piktogr. regály
A15: K | B15: 0.51 | D15: K | E15: 0.77 | G15: Kde nejsou, počítáme koef. pro OCH
A16: L | B16: 0.47 | D16: L | E16: 0.73
A17: N | B17: 0.59 | D17: N | E17: 0.82
A18: O | B18: 0.53 | D18: O | E18: 0.7
A19: P | B19: 0.55 | D19: P | E19: 0.73 | G19: sig. G,O,W většinou dohromady s koef. 0,7
A20: R | B20: 0.5 | D20: R | E20: 0.78
A21: S | B21: 0.46 | D21: S | E21: 0.75
A22: T | B22: 0.59 | D22: T | E22: 0.75
A23: U | B23: 0.17 | D23: U | E23: 0.48
A24: VT | B24: 0.46 | D24: VT | E24: 0.76
A25: W | B25: 0.42 | D25: W | E25: 0.7
A26: X | B26: 0.39 | D26: X | E26: 0.9
A27: Y | B27: 0.56 | D27: Y | E27: 0.72
A28: Z | B28: 0.67 | D28: Z | E28: 0.75

Sheet původní kapacitní plán pro OIT
A1: POBOČKA Č. | B1: LOKACE | C1: OCH | D1: VĚK | E1: DESKRIPTOR … | F1: KAPACITA
A2: 29 | B2: SMI-BELDE | C2: A1 | D2: vše | F2: 20
A3: 29 | B3: SMI-BELDE | C3: A2 | D3: vše | F3: 505
A4: 29 | B4: SMI-BELDE | C4: A3 | D4: vše | F4: 1170
A5: 29 | B5: SMI-BELDE | C5: A4 | D5: vše | F5: 5
A6: 29 | B6: SMI-BELDE | D6: vše | E6: PRINCEZNA (piktogram) | F6: 450
A7: 29 | B7: SMI-BELDE | D7: děti | E7: DÍVKA (piktogram) | F7: 280
A8: 29 | B8: SMI-BELDE | D8: dospělí | E8: DÍVKA (piktogram) | F8: 30
A9: 29 | B9: SMI-BELDE | D9: děti | E9: PEGAS (piktogram) | F9: 100
A10: 29 | B10: SMI-BELDE | D10: dospělí | E10: PEGAS (piktogram) | F10: 5
A11: 29 | B11: SMI-BELDE | D11: děti | E11: ÚSMĚV (piktogram) | F11: 185
A12: 29 | B12: SMI-BELDE | D12: dospělí | E12: ÚSMĚV (piktogram) | F12: 5
A13: 29 | B13: SMI-BELDE | C13: J1 | D13: děti | F13: 5
A14: 29 | B14: SMI-BELDE | C14: J2 | D14: děti | F14: 5
A15: 29 | B15: SMI-BELDE | C15: J3 | D15: děti | F15: 35
A16: 29 | B16: SMI-BELDE | C16: J4 | D16: děti | F16: 110
A17: 29 | B17: SMI-BELDE | C17: J5 | D17: děti | F17: 20
A18: 29 | B18: SMI-BELDE | C18: J1 | D18: dospělí | F18: 1
A19: 29 | B19: SMI-BELDE | C19: J2 | D19: dospělí | F19: 1
A20: 29 | B20: SMI-BELDE | C20: J3 | D20: dospělí | F20: 1
A21: 29 | B21: SMI-BELDE | C21: J4 | D21: dospělí | F21: 1
A22: 29 | B22: SMI-BELDE | C22: J5 | D22: dospělí | F22: 1
A23: 29 | B23: SMI-BELDE | C23: B2 | D23: dospělí | F23: 5
A24: 29 | B24: SMI-BELDE | D24: děti | E24: poezie děti | F24: 370
A25: 29 | B25: SMI-BELDO | C25: A1 | D25: vše | F25: 7600
A26: 29 | B26: SMI-BELDO | C26: A1 | D26: vše | E26: PISTOLE (piktogram) | F26: 660
A27: 29 | B27: SMI-BELDO | C27: B1 | D27: vše | F27: 150
A28: 29 | B28: SMI-BELDO | C28: B2 | D28: vše | F28: 1040
A29: 29 | B29: SMI-BELDO | C29: J1 | D29: vše | F29: 20
A30: 29 | B30: SMI-BELDO | C30: J2 | D30: vše | F30: 40
A31: 29 | B31: SMI-BELDO | C31: J3 | D31: vše | F31: 70
A32: 29 | B32: SMI-BELDO | C32: J4 | D32: vše | F32: 330
A33: 29 | B33: SMI-BELDO | C33: J5 | D33: vše | F33: 40
A34: 29 | B34: SMI-BELDO | D34: vše | E34: ost. cizojazyčná | F34: 20
A35: 29 | B35: SMI-GALDE | C35: A1 | D35: děti | F35: 40
A36: 29 | B36: SMI-GALDE | C36: A1 | D36: dospělí | F36: 10
A37: 29 | B37: SMI-GALDE | C37: A4 | D37: vše | F37: 1000
A38: 29 | B38: SMI-GALDE | D38: děti | E38: MÁG (piktogram) | F38: 100
A39: 29 | B39: SMI-GALDE | D39: dospělí | E39: MÁG (piktogram) | F39: 10
A40: 29 | B40: SMI-GALDE | D40: děti | E40: E.T. (piktogram) | F40: 35
A41: 29 | B41: SMI-GALDE | D41: dospělí | E41: E.T. (piktogram) | F41: 5
A42: 29 | B42: SMI-GALDE | D42: dospělí | E42: komiksy | F42: 5
A43: 29 | B43: SMI-GALDE | D43: děti | E43: komiksy | F43: 195
A44: 29 | B44: SMI-GALML | C44: A1 | D44: vše | E44: MÁG (piktogram) | F44: 450
A45: 29 | B45: SMI-GALML | C45: A1 | D45: vše | E45: E.T. (piktogram) | F45: 470
A46: 29 | B46: SMI-GALML | D46: vše | E46: komiksy | F46: 200
A47: 29 | B47: SMI-KOLOTO | D47: vše | E47: leporela | F47: 150
A48: 29 | B48: SMI-NAUDE | C48: G,O,W | D48: děti | E48: ost. naučná | F48: 19
A49: 29 | B49: SMI-NAUDE | D49: dospělí | E49: ost. naučná | F49: 1
A50: 29 | B50: SMI-NAUDE | C50: C | D50: děti | F50: 130
A51: 29 | B51: SMI-NAUDE | C51: C | D51: dospělí | F51: 30
A52: 29 | B52: SMI-NAUDE | C52: D | D52: děti | F52: 450
A53: 29 | B53: SMI-NAUDE | C53: D | D53: dospělí | F53: 20
A54: 29 | B54: SMI-NAUDE | C54: E | D54: děti | F54: 110
A55: 29 | B55: SMI-NAUDE | C55: E | D55: dospělí | F55: 10
A56: 29 | B56: SMI-NAUDE | C56: K | D56: děti | F56: 820
A57: 29 | B57: SMI-NAUDE | C57: K | D57: dospělí | F57: 20
A58: 29 | B58: SMI-NAUDE | C58: L | D58: děti | F58: 100
A59: 29 | B59: SMI-NAUDE | C59: L | D59: dospělí | F59: 15
A60: 29 | B60: SMI-NAUDE | C60: N | D60: děti | F60: 140
A61: 29 | B61: SMI-NAUDE | C61: N | D61: dospělí | F61: 30
... A97: 29 | B97: SMI-NAUDO | C97: Z | D97: vše | F97: 490
B98: CELKEM | F98: =SUM(F2:F97) -> 31160
A100: 29 | B100: SMI-CHRVOL | C100: vše | E100: nerealokuje se | F100: 10

Sheet počítání
E1: skutečný | F1: vnitřní šířka | G1: starý | H1: zde vzorec | I1: současná | J1: nový | K1: zde vzorec pro počet svazků | N1: nová | O1: aktuální
A2: pobočka číslo | B2: lokace | C2: OCH | D2: pikt/deskr. | E2: počet polic | F2: police (cm) | G2: koefic. | H2: počet sv. | I2: kapacita | J2: koefic. | K2: 1 | L2: 0.7 | M2: 0.6 | N2: kapacita | O2: naplněnost
H3: =ROUND(E3*F3*G3,0) -> 0 | K3: =ROUND(E3*F3*J3,0) -> 0 | L3: =ROUND(K3*0.7,0) -> 0 | M3: =ROUND(K3*0.6,0) -> 0
H4: =ROUND(E4*F4*G4,0) -> 0 | K4: =ROUND(E4*F4*J4,0) -> 0 | L4: =ROUND(K4*0.7,0) -> 0 | M4: =ROUND(K4*0.6,0) -> 0
H5: =ROUND(E5*F5*G5,0) -> 0 | K5: =ROUND(E5*F5*J5,0) -> 0 | L5: =ROUND(K5*0.7,0) -> 0 | M5: =ROUND(K5*0.6,0) -> 0
H6: =ROUND(E6*F6*G6,0) -> 0 | K6: =ROUND(E6*F6*J6,0) -> 0 | L6: =ROUND(K6*0.7,0) -> 0 | M6: =ROUND(K6*0.6,0) -> 0
H7: =ROUND(E7*F7*G7,0) -> 0 | K7: =ROUND(E7*F7*J7,0) -> 0 | L7: =ROUND(K7*0.7,0) -> 0 | M7: =ROUND(K7*0.6,0) -> 0
H8: =ROUND(E8*F8*G8,0) -> 0 | K8: =ROUND(E8*F8*J8,0) -> 0 | L8: =ROUND(K8*0.7,0) -> 0 | M8: =ROUND(K8*0.6,0) -> 0
H9: =ROUND(E9*F9*G9,0) -> 0 | K9: =ROUND(E9*F9*J9,0) -> 0 | L9: =ROUND(K9*0.7,0) -> 0 | M9: =ROUND(K9*0.6,0) -> 0
H10: =ROUND(E10*F10*G10,0) -> 0 | K10: =ROUND(E10*F10*J10,0) -> 0 | L10: =ROUND(K10*0.7,0) -> 0 | M10: =ROUND(K10*0.6,0) -> 0
H11: =ROUND(E11*F11*G11,0) -> 0 | K11: =ROUND(E11*F11*J11,0) -> 0 | L11: =ROUND(K11*0.7,0) -> 0 | M11: =ROUND(K11*0.6,0) -> 0
H12: =ROUND(E12*F12*G12,0) -> 0 | K12: =ROUND(E12*F12*J12,0) -> 0 | L12: =ROUND(K12*0.7,0) -> 0 | M12: =ROUND(K12*0.6,0) -> 0
H13: =ROUND(E13*F13*G13,0) -> 0 | K13: =ROUND(E13*F13*J13,0) -> 0 | L13: =ROUND(K13*0.7,0) -> 0 | M13: =ROUND(K13*0.6,0) -> 0
H14: =ROUND(E14*F14*G14,0) -> 0 | K14: =ROUND(E14*F14*J14,0) -> 0 | L14: =ROUND(K14*0.7,0) -> 0 | M14: =ROUND(K14*0.6,0) -> 0
... H75: =ROUND(E75*F75*G75,0) -> 0 | K75: =ROUND(E75*F75*J75,0) -> 0 | L75: =ROUND(K75*0.7,0) -> 0 | M75: =ROUND(K75*0.6,0) -> 0

Sheet Barrandov
A1: Pobočka č. | B1: Pobočka | C1: Oblast | D1: Lokace - systémové označení (Koniáš) | E1: Typ | F1: Označení | G1: Kapacita svazky | H1: Kapacita - počet polic | I1: Kapacita - současný stav | J1: Kapacita - rozměr polic | K1: Poznámka | L1: Jakou byste doporučili ideální naplněnost?
A2: =IFERROR(VLOOKUP(B2,Pobočky!$A$1:$C$45,3,FALSE)," ") -> 62 | B2: Barrandov | C2: =IFERROR(VLOOKUP(B2,Pobočky!$A$1:$C$45,2,FALSE)," ") -> Jihozápad | D2: BAR-BELDE | E2: Beletrie - děti | F2: A - BELETRIE VŠEOBECNĚ. | G2: =ROUND(Tabulka5789101112131415161718192021222324252627282930313233343536373839404142434445464748[[#This Row],[Kapacita - počet polic]]*Tabulka5789101112131415161718192021222324252627282930313233343536373839404142434445464748[[#This Row],[Kapacita - rozměr polic]]*IFERROR(VLOOKUP(Tabulka5789101112131415161718192021222324252627282930313233343536373839404142434445464748[[#This Row],[Označení]],OCHy[#All],2,FALSE),0.6),0) -> 1156 | H2: 24 | J2: 86 | K2: A2 + A3 | L2: 0.7
A3: =IFERROR(VLOOKUP(B3,Pobočky!$A$1:$C$45,3,FALSE)," ") -> 62 | B3: Barrandov | C3: =IFERROR(VLOOKUP(B3,Pobočky!$A$1:$C$45,2,FALSE)," ") -> Jihozápad | D3: BAR-BELDE | E3: Beletrie - děti | F3: A - BELETRIE VŠEOBECNĚ. | G3: =ROUND(Tabulka5789101112131415161718192021222324252627282930313233343536373839404142434445464748[[#This Row],[Kapacita - počet polic]]*Tabulka5789101112131415161718192021222324252627282930313233343536373839404142434445464748[[#This Row],[Kapacita - rozměr polic]]*IFERROR(VLOOKUP(Tabulka5789101112131415161718192021222324252627282930313233343536373839404142434445464748[[#This Row],[Označení]],OCHy[#All],2,FALSE),0.6),0) -> 771 | H3: 16 | J3: 86 | K3: A1 + A4 | L3: 0.7
A4: =IFERROR(VLOOKUP(B4,Pobočky!$A$1:$C$45,3,FALSE)," ") -> 62 | B4: Barrandov | C4: =IFERROR(VLOOKUP(B4,Pobočky!$A$1:$C$45,2,FALSE)," ") -> Jihozápad | D4: BAR-BELDE | E4: Beletrie - děti | F4: E.T. - sci-fi | G4: =ROUND(Tabulka5789101112131415161718192021222324252627282930313233343536373839404142434445464748[[#This Row],[Kapacita - počet polic]]*Tabulka5789101112131415161718192021222324252627282930313233343536373839404142434445464748[[#This Row],[Kapacita - rozměr polic]]*IFERROR(VLOOKUP(Tabulka5789101112131415161718192021222324252627282930313233343536373839404142434445464748[[#This Row],[Označení]],OCHy[#All],2,FALSE),0.6),0) -> 220 | H4: 8 | J4: 86 | K4: s Mágem | L4: 0.7
A5: =IFERROR(VLOOKUP(B5,Pobočky!$A$1:$C$45,3,FALSE)," ") -> 62 | B5: Barrandov | C5: =IFERROR(VLOOKUP(B5,Pobočky!$A$1:$C$45,2,FALSE)," ") -> Jihozápad | D5: BAR-BELDE | E5: Beletrie - děti | F5: J - CIZOJAZYČNÁ BELETRIE. | G5: =ROUND(Tabulka5789101112131415161718192021222324252627282930313233343536373839404142434445464748[[#This Row],[Kapacita - počet polic]]*Tabulka5789101112131415161718192021222324252627282930313233343536373839404142434445464748[[#This Row],[Kapacita - rozměr polic]]*IFERROR(VLOOKUP(Tabulka5789101112131415161718192021222324252627282930313233343536373839404142434445464748[[#This Row],[Označení]],OCHy[#All],2,FALSE),0.6),0) -> 31 | H5: 1 | J5: 86 | K5: J1 - J3 | L5: 0.7
A6: =IFERROR(VLOOKUP(B6,Pobočky!$A$1:$C$45,3,FALSE)," ") -> 62 | B6: Barrandov | C6: =IFERROR(VLOOKUP(B6,Pobočky!$A$1:$C$45,2,FALSE)," ") -> Jihozápad | D6: BAR-BELDE | E6: Beletrie - děti | F6: J - CIZOJAZYČNÁ BELETRIE. | G6: =ROUND(Tabulka5789101112131415161718192021222324252627282930313233343536373839404142434445464748[[#This Row],[Kapacita - počet polic]]*Tabulka5789101112131415161718192021222324252627282930313233343536373839404142434445464748[[#This Row],[Kapacita - rozměr polic]]*IFERROR(VLOOKUP(Tabulka5789101112131415161718192021222324252627282930313233343536373839404142434445464748[[#This Row],[Označení]],OCHy[#All],2,FALSE),0.6),0) -> 62 | H6: 2 | J6: 86 | K6: J4 | L6: 0.7
A7: =IFERROR(VLOOKUP(B7,Pobočky!$A$1:$C$45,3,FALSE)," ") -> 62 | B7: Barrandov | C7: =IFERROR(VLOOKUP(B7,Pobočky!$A$1:$C$45,2,FALSE)," ") -> Jihozápad | D7: BAR-BELDE | E7: Beletrie - děti | F7: B - POEZIE. | G7: =ROUND(Tabulka5789101112131415161718192021222324252627282930313233343536373839404142434445464748[[#This Row],[Kapacita - počet polic]]*Tabulka5789101112131415161718192021222324252627282930313233343536373839404142434445464748[[#This Row],[Kapacita - rozměr polic]]*IFERROR(VLOOKUP(Tabulka5789101112131415161718192021222324252627282930313233343536373839404142434445464748[[#This Row],[Označení]],OCHy[#All],2,FALSE),0.6),0) -> 155 | H7: 3 | J7: 86 | L7: 0.7
A8: =IFERROR(VLOOKUP(B8,Pobočky!$A$1:$C$45,3,FALSE)," ") -> 62 | B8: Barrandov | C8: =IFERROR(VLOOKUP(B8,Pobočky!$A$1:$C$45,2,FALSE)," ") -> Jihozápad | D8: BAR-BELDE | E8: Beletrie - děti | F8: DÍVKA - dívčí četba | G8: =ROUND(Tabulka5789101112131415161718192021222324252627282930313233343536373839404142434445464748[[#This Row],[Kapacita - počet polic]]*Tabulka5789101112131415161718192021222324252627282930313233343536373839404142434445464748[[#This Row],[Kapacita - rozměr polic]]*IFERROR(VLOOKUP(Tabulka5789101112131415161718192021222324252627282930313233343536373839404142434445464748[[#This Row],[Označení]],OCHy[#All],2,FALSE),0.6),0) -> 144 | H8: 4 | J8: 86 | L8: 0.7
A9: =IFERROR(VLOOKUP(B9,Pobočky!$A$1:$C$45,3,FALSE)," ") -> 62 | B9: Barrandov | C9: =IFERROR(VLOOKUP(B9,Pobočky!$A$1:$C$45,2,FALSE)," ") -> Jihozápad | D9: BAR-BELDE | E9: Beletrie - děti | F9: PRINCEZNA - pohádky | G9: =ROUND(Tabulka5789101112131415161718192021222324252627282930313233343536373839404142434445464748[[#This Row],[Kapacita - počet polic]]*Tabulka5789101112131415161718192021222324252627282930313233343536373839404142434445464748[[#This Row],[Kapacita - rozměr polic]]*IFERROR(VLOOKUP(Tabulka5789101112131415161718192021222324252627282930313233343536373839404142434445464748[[#This Row],[Označení]],OCHy[#All],2,FALSE),0.6),0) -> 213 | H9: 4 | J9: 86 | L9: 0.7
A10: =IFERROR(VLOOKUP(B10,Pobočky!$A$1:$C$45,3,FALSE)," ") -> 62 | B10: Barrandov | C10: =IFERROR(VLOOKUP(B10,Pobočky!$A$1:$C$45,2,FALSE)," ") -> Jihozápad | D10: BAR-LEPOR | E10: Beletrie - děti | F10: A - BELETRIE VŠEOBECNĚ. | G10: =ROUND(Tabulka5789101112131415161718192021222324252627282930313233343536373839404142434445464748[[#This Row],[Kapacita - počet polic]]*Tabulka5789101112131415161718192021222324252627282930313233343536373839404142434445464748[[#This Row],[Kapacita - rozměr polic]]*IFERROR(VLOOKUP(Tabulka5789101112131415161718192021222324252627282930313233343536373839404142434445464748[[#This Row],[Označení]],OCHy[#All],2,FALSE),0.6),0) -> 0 | K10: leporela (hrabátka - atyp) | L10: 0.5
A11: =IFERROR(VLOOKUP(B11,Pobočky!$A$1:$C$45,3,FALSE)," ") -> 62 | B11: Barrandov | C11: =IFERROR(VLOOKUP(B11,Pobočky!$A$1:$C$45,2,FALSE)," ") -> Jihozápad | D11: BAR-BELDO | E11: Beletrie - dospělí | F11: A - BELETRIE VŠEOBECNĚ. | G11: =ROUND(Tabulka5789101112131415161718192021222324252627282930313233343536373839404142434445464748[[#This Row],[Kapacita - počet polic]]*Tabulka5789101112131415161718192021222324252627282930313233343536373839404142434445464748[[#This Row],[Kapacita - rozměr polic]]*IFERROR(VLOOKUP(Tabulka5789101112131415161718192021222324252627282930313233343536373839404142434445464748[[#This Row],[Označení]],OCHy[#All],2,FALSE),0.6),0) -> 4623 | H11: 96 | J11: 86 | L11: 0.7
A12: =IFERROR(VLOOKUP(B12,Pobočky!$A$1:$C$45,3,FALSE)," ") -> 62 | B12: Barrandov | C12: =IFERROR(VLOOKUP(B12,Pobočky!$A$1:$C$45,2,FALSE)," ") -> Jihozápad | D12: BAR-BELDO | E12: Beletrie - dospělí | F12: A - BELETRIE VŠEOBECNĚ. | G12: =ROUND(Tabulka5789101112131415161718192021222324252627282930313233343536373839404142434445464748[[#This Row],[Kapacita - počet polic]]*Tabulka5789101112131415161718192021222324252627282930313233343536373839404142434445464748[[#This Row],[Kapacita - rozměr polic]]*IFERROR(VLOOKUP(Tabulka5789101112131415161718192021222324252627282930313233343536373839404142434445464748[[#This Row],[Označení]],OCHy[#All],2,FALSE),0.6),0) -> 363 | H12: 18 | J12: 36 | L12: 0.7
A13: =IFERROR(VLOOKUP(B13,Pobočky!$A$1:$C$45,3,FALSE)," ") -> 62 | B13: Barrandov | C13: =IFERROR(VLOOKUP(B13,Pobočky!$A$1:$C$45,2,FALSE)," ") -> Jihozápad | D13: BAR-BELDO | E13: Beletrie - dospělí | F13: PISTOLE - detektivky | G13: =ROUND(Tabulka5789101112131415161718192021222324252627282930313233343536373839404142434445464748[[#This Row],[Kapacita - počet polic]]*Tabulka5789101112131415161718192021222324252627282930313233343536373839404142434445464748[[#This Row],[Kapacita - rozměr polic]]*IFERROR(VLOOKUP(Tabulka5789101112131415161718192021222324252627282930313233343536373839404142434445464748[[#This Row],[Označení]],OCHy[#All],2,FALSE),0.6),0) -> 929 | H13: 36 | J13: 86 | L13: 0.7
A14: =IFERROR(VLOOKUP(B14,Pobočky!$A$1:$C$45,3,FALSE)," ") -> 62 | B14: Barrandov | C14: =IFERROR(VLOOKUP(B14,Pobočky!$A$1:$C$45,2,FALSE)," ") -> Jihozápad | D14: BAR-BELDO | E14: Beletrie - dospělí | F14: E.T. - sci-fi | G14: =ROUND(Tabulka5789101112131415161718192021222324252627282930313233343536373839404142434445464748[[#This Row],[Kapacita - počet polic]]*Tabulka5789101112131415161718192021222324252627282930313233343536373839404142434445464748[[#This Row],[Kapacita - rozměr polic]]*IFERROR(VLOOKUP(Tabulka5789101112131415161718192021222324252627282930313233343536373839404142434445464748[[#This Row],[Označení]],OCHy[#All],2,FALSE),0.6),0) -> 138 | H14: 12 | J14: 36 | L14: 0.7
A15: =IFERROR(VLOOKUP(B15,Pobočky!$A$1:$C$45,3,FALSE)," ") -> 62 | B15: Barrandov | C15: =IFERROR(VLOOKUP(B15,Pobočky!$A$1:$C$45,2,FALSE)," ") -> Jihozápad | D15: BAR-BELDO | E15: Beletrie - dospělí | F15: MÁG - fantasy | G15: =ROUND(Tabulka5789101112131415161718192021222324252627282930313233343536373839404142434445464748[[#This Row],[Kapacita - počet polic]]*Tabulka5789101112131415161718192021222324252627282930313233343536373839404142434445464748[[#This Row],[Kapacita - rozměr polic]]*IFERROR(VLOOKUP(Tabulka5789101112131415161718192021222324252627282930313233343536373839404142434445464748[[#This Row],[Označení]],OCHy[#All],2,FALSE),0.6),0) -> 160 | H15: 6 | J15: 86 | L15: 0.7
A16: =IFERROR(VLOOKUP(B16,Pobočky!$A$1:$C$45,3,FALSE)," ") -> 62 | B16: Barrandov | C16: =IFERROR(VLOOKUP(B16,Pobočky!$A$1:$C$45,2,FALSE)," ") -> Jihozápad | D16: BAR-BELDO | E16: Beletrie - dospělí | F16: J - CIZOJAZYČNÁ BELETRIE. | G16: =ROUND(Tabulka5789101112131415161718192021222324252627282930313233343536373839404142434445464748[[#This Row],[Kapacita - počet polic]]*Tabulka5789101112131415161718192021222324252627282930313233343536373839404142434445464748[[#This Row],[Kapacita - rozměr polic]]*IFERROR(VLOOKUP(Tabulka5789101112131415161718192021222324252627282930313233343536373839404142434445464748[[#This Row],[Označení]],OCHy[#All],2,FALSE),0.6),0) -> 124 | H16: 4 | J16: 86 | K16: J4 | L16: 0.7
A17: =IFERROR(VLOOKUP(B17,Pobočky!$A$1:$C$45,3,FALSE)," ") -> 62 | B17: Barrandov | C17: =IFERROR(VLOOKUP(B17,Pobočky!$A$1:$C$45,2,FALSE)," ") -> Jihozápad | D17: BAR-BELDO | E17: Beletrie - dospělí | F17: J - CIZOJAZYČNÁ BELETRIE. | G17: =ROUND(Tabulka5789101112131415161718192021222324252627282930313233343536373839404142434445464748[[#This Row],[Kapacita - počet polic]]*Tabulka5789101112131415161718192021222324252627282930313233343536373839404142434445464748[[#This Row],[Kapacita - rozměr polic]]*IFERROR(VLOOKUP(Tabulka5789101112131415161718192021222324252627282930313233343536373839404142434445464748[[#This Row],[Označení]],OCHy[#All],2,FALSE),0.6),0) -> 62 | H17: 2 | J17: 86 | K17: ostatní cizojazyčná | L17: 0.7
A18: =IFERROR(VLOOKUP(B18,Pobočky!$A$1:$C$45,3,FALSE)," ") -> 62 | B18: Barrandov | C18: =IFERROR(VLOOKUP(B18,Pobočky!$A$1:$C$45,2,FALSE)," ") -> Jihozápad | D18: BAR-BELDO | E18: Beletrie - dospělí | F18: B - POEZIE. | G18: =ROUND(Tabulka5789101112131415161718192021222324252627282930313233343536373839404142434445464748[[#This Row],[Kapacita - počet polic]]*Tabulka5789101112131415161718192021222324252627282930313233343536373839404142434445464748[[#This Row],[Kapacita - rozměr polic]]*IFERROR(VLOOKUP(Tabulka5789101112131415161718192021222324252627282930313233343536373839404142434445464748[[#This Row],[Označení]],OCHy[#All],2,FALSE),0.6),0) -> 52 | H18: 1 | J18: 86 | K18: divadelní hry | L18: 0.7
A19: =IFERROR(VLOOKUP(B19,Pobočky!$A$1:$C$45,3,FALSE)," ") -> 62 | B19: Barrandov | C19: =IFERROR(VLOOKUP(B19,Pobočky!$A$1:$C$45,2,FALSE)," ") -> Jihozápad | D19: BAR-BELDO | E19: Beletrie - dospělí | F19: B - POEZIE. | G19: =ROUND(Tabulka5789101112131415161718192021222324252627282930313233343536373839404142434445464748[[#This Row],[Kapacita - počet polic]]*Tabulka5789101112131415161718192021222324252627282930313233343536373839404142434445464748[[#This Row],[Kapacita - rozměr polic]]*IFERROR(VLOOKUP(Tabulka5789101112131415161718192021222324252627282930313233343536373839404142434445464748[[#This Row],[Označení]],OCHy[#All],2,FALSE),0.6),0) -> 361 | H19: 7 | J19: 86 | L19: 0.7
A20: =IFERROR(VLOOKUP(B20,Pobočky!$A$1:$C$45,3,FALSE)," ") -> 62 | B20: Barrandov | C20: =IFERROR(VLOOKUP(B20,Pobočky!$A$1:$C$45,2,FALSE)," ") -> Jihozápad | D20: BAR-KOMDE | E20: Beletrie - děti | F20: A - BELETRIE VŠEOBECNĚ. | G20: =ROUND(Tabulka5789101112131415161718192021222324252627282930313233343536373839404142434445464748[[#This Row],[Kapacita - počet polic]]*Tabulka5789101112131415161718192021222324252627282930313233343536373839404142434445464748[[#This Row],[Kapacita - rozměr polic]]*IFERROR(VLOOKUP(Tabulka5789101112131415161718192021222324252627282930313233343536373839404142434445464748[[#This Row],[Označení]],OCHy[#All],2,FALSE),0.6),0) -> 144 | H20: 3 | J20: 86 | K20: komiksy pro děti | L20: 0.4
A21: =IFERROR(VLOOKUP(B21,Pobočky!$A$1:$C$45,3,FALSE)," ") -> 62 | B21: Barrandov | C21: =IFERROR(VLOOKUP(B21,Pobočky!$A$1:$C$45,2,FALSE)," ") -> Jihozápad | D21: BAR-KOMDO | E21: Beletrie - dospělí | F21: A - BELETRIE VŠEOBECNĚ. | G21: =ROUND(Tabulka5789101112131415161718192021222324252627282930313233343536373839404142434445464748[[#This Row],[Kapacita - počet polic]]*Tabulka5789101112131415161718192021222324252627282930313233343536373839404142434445464748[[#This Row],[Kapacita - rozměr polic]]*IFERROR(VLOOKUP(Tabulka5789101112131415161718192021222324252627282930313233343536373839404142434445464748[[#This Row],[Označení]],OCHy[#All],2,FALSE),0.6),0) -> 144 | H21: 3 | J21: 86 | K21: komiksy pro dospělé | L21: 0.4
A22: =IFERROR(VLOOKUP(B22,Pobočky!$A$1:$C$45,3,FALSE)," ") -> 62 | B22: Barrandov | C22: =IFERROR(VLOOKUP(B22,Pobočky!$A$1:$C$45,2,FALSE)," ") -> Jihozápad | D22: BAR-NAUDE | E22: Naučná - děti | F22: C - DOMÁCNOST. | G22: =ROUND(Tabulka5789101112131415161718192021222324252627282930313233343536373839404142434445464748[[#This Row],[Kapacita - počet polic]]*Tabulka5789101112131415161718192021222324252627282930313233343536373839404142434445464748[[#This Row],[Kapacita - rozměr polic]]*IFERROR(VLOOKUP(Tabulka5789101112131415161718192021222324252627282930313233343536373839404142434445464748[[#This Row],[Označení]],OCHy[#All],2,FALSE),0.6),0) -> 53 | H22: 1 | J22: 86 | L22: 0.6
A23: =IFERROR(VLOOKUP(B23,Pobočky!$A$1:$C$45,3,FALSE)," ") -> 62 | B23: Barrandov | C23: =IFERROR(VLOOKUP(B23,Pobočky!$A$1:$C$45,2,FALSE)," ") -> Jihozápad | D23: BAR-NAUDE | E23: Naučná - děti | F23: D - DĚJINY. DĚJEPIS. | G23: =ROUND(Tabulka5789101112131415161718192021222324252627282930313233343536373839404142434445464748[[#This Row],[Kapacita - počet polic]]*Tabulka5789101112131415161718192021222324252627282930313233343536373839404142434445464748[[#This Row],[Kapacita - rozměr polic]]*IFERROR(VLOOKUP(Tabulka5789101112131415161718192021222324252627282930313233343536373839404142434445464748[[#This Row],[Označení]],OCHy[#All],2,FALSE),0.6),0) -> 82 | H23: 2.5 | J23: 86 | L23: 0.6
A24: =IFERROR(VLOOKUP(B24,Pobočky!$A$1:$C$45,3,FALSE)," ") -> 62 | B24: Barrandov | C24: =IFERROR(VLOOKUP(B24,Pobočky!$A$1:$C$45,2,FALSE)," ") -> Jihozápad | D24: BAR-NAUDE | E24: Naučná - děti | F24: E - ZEMĚPIS. VLASTIVĚDA. ETNOGRAFIE. | G24: =ROUND(Tabulka5789101112131415161718192021222324252627282930313233343536373839404142434445464748[[#This Row],[Kapacita - počet polic]]*Tabulka5789101112131415161718192021222324252627282930313233343536373839404142434445464748[[#This Row],[Kapacita - rozměr polic]]*IFERROR(VLOOKUP(Tabulka5789101112131415161718192021222324252627282930313233343536373839404142434445464748[[#This Row],[Označení]],OCHy[#All],2,FALSE),0.6),0) -> 47 | H24: 1 | J24: 86 | L24: 0.6
A25: =IFERROR(VLOOKUP(B25,Pobočky!$A$1:$C$45,3,FALSE)," ") -> 62 | B25: Barrandov | C25: =IFERROR(VLOOKUP(B25,Pobočky!$A$1:$C$45,2,FALSE)," ") -> Jihozápad | D25: BAR-NAUDE | E25: Naučná - děti | F25: K - PŘÍRODNÍ VĚDY. | G25: =ROUND(Tabulka5789101112131415161718192021222324252627282930313233343536373839404142434445464748[[#This Row],[Kapacita - počet polic]]*Tabulka5789101112131415161718192021222324252627282930313233343536373839404142434445464748[[#This Row],[Kapacita - rozměr polic]]*IFERROR(VLOOKUP(Tabulka5789101112131415161718192021222324252627282930313233343536373839404142434445464748[[#This Row],[Označení]],OCHy[#All],2,FALSE),0.6),0) -> 263 | H25: 6 | J25: 86 | L25: 0.6
A26: =IFERROR(VLOOKUP(B26,Pobočky!$A$1:$C$45,3,FALSE)," ") -> 62 | B26: Barrandov | C26: =IFERROR(VLOOKUP(B26,Pobočky!$A$1:$C$45,2,FALSE)," ") -> Jihozápad | D26: BAR-NAUDE | E26: Naučná - děti | F26: L - FILOZOFIE. PSYCHOLOGIE. ESTETIKA. ETIKA. LOGIKA. NÁBOŽENSTVÍ. | G26: =ROUND(Tabulka5789101112131415161718192021222324252627282930313233343536373839404142434445464748[[#This Row],[Kapacita - počet polic]]*Tabulka5789101112131415161718192021222324252627282930313233343536373839404142434445464748[[#This Row],[Kapacita - rozměr polic]]*IFERROR(VLOOKUP(Tabulka5789101112131415161718192021222324252627282930313233343536373839404142434445464748[[#This Row],[Označení]],OCHy[#All],2,FALSE),0.6),0) -> 40 | H26: 1 | J26: 86 | L26: 0.6
A27: =IFERROR(VLOOKUP(B27,Pobočky!$A$1:$C$45,3,FALSE)," ") -> 62 | B27: Barrandov | C27: =IFERROR(VLOOKUP(B27,Pobočky!$A$1:$C$45,2,FALSE)," ") -> Jihozápad | D27: BAR-NAUDE | E27: Naučná - děti | F27: N - PEDAGOGIKA. ŠKOLSTVÍ. VÝCHOVA. VZDĚLÁVÁNÍ. | G27: =ROUND(Tabulka5789101112131415161718192021222324252627282930313233343536373839404142434445464748[[#This Row],[Kapacita - počet polic]]*Tabulka5789101112131415161718192021222324252627282930313233343536373839404142434445464748[[#This Row],[Kapacita - rozměr polic]]*IFERROR(VLOOKUP(Tabulka5789101112131415161718192021222324252627282930313233343536373839404142434445464748[[#This Row],[Označení]],OCHy[#All],2,FALSE),0.6),0) -> 51 | H27: 1 | I27: 1.5 | J27: 86 | L27: 0.6
A28: =IFERROR(VLOOKUP(B28,Pobočky!$A$1:$C$45,3,FALSE)," ") -> 62 | B28: Barrandov | C28: =IFERROR(VLOOKUP(B28,Pobočky!$A$1:$C$45,2,FALSE)," ") -> Jihozápad | D28: BAR-NAUDE | E28: Naučná - děti | F28: P - LÉKAŘSTVÍ A ZDRAVOTNICTVÍ. | G28: =ROUND(Tabulka5789101112131415161718192021222324252627282930313233343536373839404142434445464748[[#This Row],[Kapacita - počet polic]]*Tabulka5789101112131415161718192021222324252627282930313233343536373839404142434445464748[[#This Row],[Kapacita - rozměr polic]]*IFERROR(VLOOKUP(Tabulka5789101112131415161718192021222324252627282930313233343536373839404142434445464748[[#This Row],[Označení]],OCHy[#All],2,FALSE),0.6),0) -> 47 | H28: 1 | J28: 86 | L28: 0.6
A29: =IFERROR(VLOOKUP(B29,Pobočky!$A$1:$C$45,3,FALSE)," ") -> 62 | B29: Barrandov | C29: =IFERROR(VLOOKUP(B29,Pobočky!$A$1:$C$45,2,FALSE)," ") -> Jihozápad | D29: BAR-NAUDE | E29: Naučná - děti | F29: R - JAZYKOVĚDA. | G29: =ROUND(Tabulka5789101112131415161718192021222324252627282930313233343536373839404142434445464748[[#This Row],[Kapacita - počet polic]]*Tabulka5789101112131415161718192021222324252627282930313233343536373839404142434445464748[[#This Row],[Kapacita - rozměr polic]]*IFERROR(VLOOKUP(Tabulka5789101112131415161718192021222324252627282930313233343536373839404142434445464748[[#This Row],[Označení]],OCHy[#All],2,FALSE),0.6),0) -> 43 | H29: 1 | I29: 0.5 | J29: 86 | L29: 0.6
A30: =IFERROR(VLOOKUP(B30,Pobočky!$A$1:$C$45,3,FALSE)," ") -> 62 | B30: Barrandov | C30: =IFERROR(VLOOKUP(B30,Pobočky!$A$1:$C$45,2,FALSE)," ") -> Jihozápad | D30: BAR-NAUDE | E30: Naučná - děti | F30: S - UMĚNÍ. | G30: =ROUND(Tabulka5789101112131415161718192021222324252627282930313233343536373839404142434445464748[[#This Row],[Kapacita - počet polic]]*Tabulka5789101112131415161718192021222324252627282930313233343536373839404142434445464748[[#This Row],[Kapacita - rozměr polic]]*IFERROR(VLOOKUP(Tabulka5789101112131415161718192021222324252627282930313233343536373839404142434445464748[[#This Row],[Označení]],OCHy[#All],2,FALSE),0.6),0) -> 20 | H30: 0.5 | J30: 86 | L30: 0.6
A31: =IFERROR(VLOOKUP(B31,Pobočky!$A$1:$C$45,3,FALSE)," ") -> 62 | B31: Barrandov | C31: =IFERROR(VLOOKUP(B31,Pobočky!$A$1:$C$45,2,FALSE)," ") -> Jihozápad | D31: BAR-NAUDE | E31: Naučná - děti | F31: T - TECHNIKA. | G31: =ROUND(Tabulka5789101112131415161718192021222324252627282930313233343536373839404142434445464748[[#This Row],[Kapacita - počet polic]]*Tabulka5789101112131415161718192021222324252627282930313233343536373839404142434445464748[[#This Row],[Kapacita - rozměr polic]]*IFERROR(VLOOKUP(Tabulka5789101112131415161718192021222324252627282930313233343536373839404142434445464748[[#This Row],[Označení]],OCHy[#All],2,FALSE),0.6),0) -> 51 | H31: 1 | J31: 86 | L31: 0.6
A32: =IFERROR(VLOOKUP(B32,Pobočky!$A$1:$C$45,3,FALSE)," ") -> 62 | B32: Barrandov | C32: =IFERROR(VLOOKUP(B32,Pobočky!$A$1:$C$45,2,FALSE)," ") -> Jihozápad | D32: BAR-NAUDE | E32: Naučná - děti | F32: U - VŠEOBECNÉ ENCYKLOPEDIE. | G32: =ROUND(Tabulka5789101112131415161718192021222324252627282930313233343536373839404142434445464748[[#This Row],[Kapacita - počet polic]]*Tabulka5789101112131415161718192021222324252627282930313233343536373839404142434445464748[[#This Row],[Kapacita - rozměr polic]]*IFERROR(VLOOKUP(Tabulka5789101112131415161718192021222324252627282930313233343536373839404142434445464748[[#This Row],[Označení]],OCHy[#All],2,FALSE),0.6),0) -> 15 | H32: 1 | J32: 86 | L32: 0.6
A33: =IFERROR(VLOOKUP(B33,Pobočky!$A$1:$C$45,3,FALSE)," ") -> 62 | B33: Barrandov | C33: =IFERROR(VLOOKUP(B33,Pobočky!$A$1:$C$45,2,FALSE)," ") -> Jihozápad | D33: BAR-NAUDE | E33: Naučná - děti | F33: V - HUDBA. | G33: =ROUND(Tabulka5789101112131415161718192021222324252627282930313233343536373839404142434445464748[[#This Row],[Kapacita - počet polic]]*Tabulka5789101112131415161718192021222324252627282930313233343536373839404142434445464748[[#This Row],[Kapacita - rozměr polic]]*IFERROR(VLOOKUP(Tabulka5789101112131415161718192021222324252627282930313233343536373839404142434445464748[[#This Row],[Označení]],OCHy[#All],2,FALSE),0.6),0) -> 40 | H33: 1 | J33: 86 | L33: 0.6
A34: =IFERROR(VLOOKUP(B34,Pobočky!$A$1:$C$45,3,FALSE)," ") -> 62 | B34: Barrandov | C34: =IFERROR(VLOOKUP(B34,Pobočky!$A$1:$C$45,2,FALSE)," ") -> Jihozápad | D34: BAR-NAUDE | E34: Naučná - děti | F34: X - LITERATURA. | G34: =ROUND(Tabulka5789101112131415161718192021222324252627282930313233343536373839404142434445464748[[#This Row],[Kapacita - počet polic]]*Tabulka5789101112131415161718192021222324252627282930313233343536373839404142434445464748[[#This Row],[Kapacita - rozměr polic]]*IFERROR(VLOOKUP(Tabulka5789101112131415161718192021222324252627282930313233343536373839404142434445464748[[#This Row],[Označení]],OCHy[#All],2,FALSE),0.6),0) -> 17 | H34: 0.5 | J34: 86 | L34: 0.6
A35: =IFERROR(VLOOKUP(B35,Pobočky!$A$1:$C$45,3,FALSE)," ") -> 62 | B35: Barrandov | C35: =IFERROR(VLOOKUP(B35,Pobočky!$A$1:$C$45,2,FALSE)," ") -> Jihozápad | D35: BAR-NAUDE | E35: Naučná - děti | F35: Y - TĚLESNÁ VÝCHOVA A SPORT | G35: =ROUND(Tabulka5789101112131415161718192021222324252627282930313233343536373839404142434445464748[[#This Row],[Kapacita - počet polic]]*Tabulka5789101112131415161718192021222324252627282930313233343536373839404142434445464748[[#This Row],[Kapacita - rozměr polic]]*IFERROR(VLOOKUP(Tabulka5789101112131415161718192021222324252627282930313233343536373839404142434445464748[[#This Row],[Označení]],OCHy[#All],2,FALSE),0.6),0) -> 48 | H35: 1 | J35: 86 | L35: 0.6
A36: =IFERROR(VLOOKUP(B36,Pobočky!$A$1:$C$45,3,FALSE)," ") -> 62 | B36: Barrandov | C36: =IFERROR(VLOOKUP(B36,Pobočky!$A$1:$C$45,2,FALSE)," ") -> Jihozápad | D36: BAR-NAUDE | E36: Naučná - děti | F36: Z - ZEMĚDĚLSTVÍ. LESNICTVÍ. MYSLIVOST. | G36: =ROUND(Tabulka5789101112131415161718192021222324252627282930313233343536373839404142434445464748[[#This Row],[Kapacita - počet polic]]*Tabulka5789101112131415161718192021222324252627282930313233343536373839404142434445464748[[#This Row],[Kapacita - rozměr polic]]*IFERROR(VLOOKUP(Tabulka5789101112131415161718192021222324252627282930313233343536373839404142434445464748[[#This Row],[Označení]],OCHy[#All],2,FALSE),0.6),0) -> 58 | H36: 1 | J36: 86 | L36: 0.6
A37: =IFERROR(VLOOKUP(B37,Pobočky!$A$1:$C$45,3,FALSE)," ") -> 62 | B37: Barrandov | C37: =IFERROR(VLOOKUP(B37,Pobočky!$A$1:$C$45,2,FALSE)," ") -> Jihozápad | D37: BAR-NAUDE | E37: Naučná - děti | F37: G - SPOLEČENSKÉ VĚDY. | G37: =ROUND(Tabulka5789101112131415161718192021222324252627282930313233343536373839404142434445464748[[#This Row],[Kapacita - počet polic]]*Tabulka5789101112131415161718192021222324252627282930313233343536373839404142434445464748[[#This Row],[Kapacita - rozměr polic]]*IFERROR(VLOOKUP(Tabulka5789101112131415161718192021222324252627282930313233343536373839404142434445464748[[#This Row],[Označení]],OCHy[#All],2,FALSE),0.6),0) -> 18 | H37: 0.5 | J37: 86 | K37: G, O, W | L37: 0.6
A38: =IFERROR(VLOOKUP(B38,Pobočky!$A$1:$C$45,3,FALSE)," ") -> 62 | B38: Barrandov | C38: =IFERROR(VLOOKUP(B38,Pobočky!$A$1:$C$45,2,FALSE)," ") -> Jihozápad | D38: BAR-NAUDO | E38: Naučná - dospělí | F38: C - DOMÁCNOST. | G38: =ROUND(Tabulka5789101112131415161718192021222324252627282930313233343536373839404142434445464748[[#This Row],[Kapacita - počet polic]]*Tabulka5789101112131415161718192021222324252627282930313233343536373839404142434445464748[[#This Row],[Kapacita - rozměr polic]]*IFERROR(VLOOKUP(Tabulka5789101112131415161718192021222324252627282930313233343536373839404142434445464748[[#This Row],[Označení]],OCHy[#All],2,FALSE),0.6),0) -> 362 | H38: 8 | J38: 73 | L38: 0.7
A39: =IFERROR(VLOOKUP(B39,Pobočky!$A$1:$C$45,3,FALSE)," ") -> 62 | B39: Barrandov | C39: =IFERROR(VLOOKUP(B39,Pobočky!$A$1:$C$45,2,FALSE)," ") -> Jihozápad | D39: BAR-NAUDO | E39: Naučná - dospělí | F39: D - DĚJINY. DĚJEPIS. | G39: =ROUND(Tabulka5789101112131415161718192021222324252627282930313233343536373839404142434445464748[[#This Row],[Kapacita - počet polic]]*Tabulka5789101112131415161718192021222324252627282930313233343536373839404142434445464748[[#This Row],[Kapacita - rozměr polic]]*IFERROR(VLOOKUP(Tabulka5789101112131415161718192021222324252627282930313233343536373839404142434445464748[[#This Row],[Označení]],OCHy[#All],2,FALSE),0.6),0) -> 499 | H39: 18 | J39: 73 | L39: 0.7
A40: =IFERROR(VLOOKUP(B40,Pobočky!$A$1:$C$45,3,FALSE)," ") -> 62 | B40: Barrandov | C40: =IFERROR(VLOOKUP(B40,Pobočky!$A$1:$C$45,2,FALSE)," ") -> Jihozápad | D40: BAR-NAUDO | E40: Naučná - dospělí | F40: E - ZEMĚPIS. VLASTIVĚDA. ETNOGRAFIE. | G40: =ROUND(Tabulka5789101112131415161718192021222324252627282930313233343536373839404142434445464748[[#This Row],[Kapacita - počet polic]]*Tabulka5789101112131415161718192021222324252627282930313233343536373839404142434445464748[[#This Row],[Kapacita - rozměr polic]]*IFERROR(VLOOKUP(Tabulka5789101112131415161718192021222324252627282930313233343536373839404142434445464748[[#This Row],[Označení]],OCHy[#All],2,FALSE),0.6),0) -> 241 | H40: 6 | J40: 73 | L40: 0.7
A41: =IFERROR(VLOOKUP(B41,Pobočky!$A$1:$C$45,3,FALSE)," ") -> 62 | B41: Barrandov | C41: =IFERROR(VLOOKUP(B41,Pobočky!$A$1:$C$45,2,FALSE)," ") -> Jihozápad | D41: BAR-NAUDO | E41: Naučná - dospělí | F41: G - SPOLEČENSKÉ VĚDY. | G41: =ROUND(Tabulka5789101112131415161718192021222324252627282930313233343536373839404142434445464748[[#This Row],[Kapacita - počet polic]]*Tabulka5789101112131415161718192021222324252627282930313233343536373839404142434445464748[[#This Row],[Kapacita - rozměr polic]]*IFERROR(VLOOKUP(Tabulka5789101112131415161718192021222324252627282930313233343536373839404142434445464748[[#This Row],[Označení]],OCHy[#All],2,FALSE),0.6),0) -> 368 | H41: 12 | J41: 73 | L41: 0.7
A42: =IFERROR(VLOOKUP(B42,Pobočky!$A$1:$C$45,3,FALSE)," ") -> 62 | B42: Barrandov | C42: =IFERROR(VLOOKUP(B42,Pobočky!$A$1:$C$45,2,FALSE)," ") -> Jihozápad | D42: BAR-NAUDO | E42: Naučná - dospělí | F42: G - SPOLEČENSKÉ VĚDY. | G42: =ROUND(Tabulka5789101112131415161718192021222324252627282930313233343536373839404142434445464748[[#This Row],[Kapacita - počet polic]]*Tabulka5789101112131415161718192021222324252627282930313233343536373839404142434445464748[[#This Row],[Kapacita - rozměr polic]]*IFERROR(VLOOKUP(Tabulka5789101112131415161718192021222324252627282930313233343536373839404142434445464748[[#This Row],[Označení]],OCHy[#All],2,FALSE),0.6),0) -> 108 | H42: 3 | J42: 86 | L42: 0.7
A43: =IFERROR(VLOOKUP(B43,Pobočky!$A$1:$C$45,3,FALSE)," ") -> 62 | B43: Barrandov | C43: =IFERROR(VLOOKUP(B43,Pobočky!$A$1:$C$45,2,FALSE)," ") -> Jihozápad | D43: BAR-NAUDO | E43: Naučná - dospělí | F43: K - PŘÍRODNÍ VĚDY. | G43: =ROUND(Tabulka5789101112131415161718192021222324252627282930313233343536373839404142434445464748[[#This Row],[Kapacita - počet polic]]*Tabulka5789101112131415161718192021222324252627282930313233343536373839404142434445464748[[#This Row],[Kapacita - rozměr polic]]*IFERROR(VLOOKUP(Tabulka5789101112131415161718192021222324252627282930313233343536373839404142434445464748[[#This Row],[Označení]],OCHy[#All],2,FALSE),0.6),0) -> 261 | H43: 7 | J43: 73 | L43: 0.7
A44: =IFERROR(VLOOKUP(B44,Pobočky!$A$1:$C$45,3,FALSE)," ") -> 62 | B44: Barrandov | C44: =IFERROR(VLOOKUP(B44,Pobočky!$A$1:$C$45,2,FALSE)," ") -> Jihozápad | D44: BAR-NAUDO | E44: Naučná - dospělí | F44: L - FILOZOFIE. PSYCHOLOGIE. ESTETIKA. ETIKA. LOGIKA. NÁBOŽENSTVÍ. | G44: =ROUND(Tabulka5789101112131415161718192021222324252627282930313233343536373839404142434445464748[[#This Row],[Kapacita - počet polic]]*Tabulka5789101112131415161718192021222324252627282930313233343536373839404142434445464748[[#This Row],[Kapacita - rozměr polic]]*IFERROR(VLOOKUP(Tabulka5789101112131415161718192021222324252627282930313233343536373839404142434445464748[[#This Row],[Označení]],OCHy[#All],2,FALSE),0.6),0) -> 485 | H44: 12 | I44: 13 | J44: 86 | L44: 0.7
A45: =IFERROR(VLOOKUP(B45,Pobočky!$A$1:$C$45,3,FALSE)," ") -> 62 | B45: Barrandov | C45: =IFERROR(VLOOKUP(B45,Pobočky!$A$1:$C$45,2,FALSE)," ") -> Jihozápad | D45: BAR-NAUDO | E45: Naučná - dospělí | F45: N - PEDAGOGIKA. ŠKOLSTVÍ. VÝCHOVA. VZDĚLÁVÁNÍ. | G45: =ROUND(Tabulka5789101112131415161718192021222324252627282930313233343536373839404142434445464748[[#This Row],[Kapacita - počet polic]]*Tabulka5789101112131415161718192021222324252627282930313233343536373839404142434445464748[[#This Row],[Kapacita - rozměr polic]]*IFERROR(VLOOKUP(Tabulka5789101112131415161718192021222324252627282930313233343536373839404142434445464748[[#This Row],[Označení]],OCHy[#All],2,FALSE),0.6),0) -> 304 | H45: 6 | I45: 5 | J45: 86 | L45: 0.7
A46: =IFERROR(VLOOKUP(B46,Pobočky!$A$1:$C$45,3,FALSE)," ") -> 62 | B46: Barrandov | C46: =IFERROR(VLOOKUP(B46,Pobočky!$A$1:$C$45,2,FALSE)," ") -> Jihozápad | D46: BAR-NAUDO | E46: Naučná - dospělí | F46: O - PRÁVO. PRÁVNÍ VĚDA. | G46: =ROUND(Tabulka5789101112131415161718192021222324252627282930313233343536373839404142434445464748[[#This Row],[Kapacita - počet polic]]*Tabulka5789101112131415161718192021222324252627282930313233343536373839404142434445464748[[#This Row],[Kapacita - rozměr polic]]*IFERROR(VLOOKUP(Tabulka5789101112131415161718192021222324252627282930313233343536373839404142434445464748[[#This Row],[Označení]],OCHy[#All],2,FALSE),0.6),0) -> 46 | H46: 1 | J46: 86 | L46: 0.7
A47: =IFERROR(VLOOKUP(B47,Pobočky!$A$1:$C$45,3,FALSE)," ") -> 62 | B47: Barrandov | C47: =IFERROR(VLOOKUP(B47,Pobočky!$A$1:$C$45,2,FALSE)," ") -> Jihozápad | D47: BAR-NAUDO | E47: Naučná - dospělí | F47: P - LÉKAŘSTVÍ A ZDRAVOTNICTVÍ. | G47: =ROUND(Tabulka5789101112131415161718192021222324252627282930313233343536373839404142434445464748[[#This Row],[Kapacita - počet polic]]*Tabulka5789101112131415161718192021222324252627282930313233343536373839404142434445464748[[#This Row],[Kapacita - rozměr polic]]*IFERROR(VLOOKUP(Tabulka5789101112131415161718192021222324252627282930313233343536373839404142434445464748[[#This Row],[Označení]],OCHy[#All],2,FALSE),0.6),0) -> 241 | H47: 6 | J47: 73 | L47: 0.7
A48: =IFERROR(VLOOKUP(B48,Pobočky!$A$1:$C$45,3,FALSE)," ") -> 62 | B48: Barrandov | C48: =IFERROR(VLOOKUP(B48,Pobočky!$A$1:$C$45,2,FALSE)," ") -> Jihozápad | D48: BAR-NAUDO | E48: Naučná - dospělí | F48: R - JAZYKOVĚDA. | G48: =ROUND(Tabulka5789101112131415161718192021222324252627282930313233343536373839404142434445464748[[#This Row],[Kapacita - počet polic]]*Tabulka5789101112131415161718192021222324252627282930313233343536373839404142434445464748[[#This Row],[Kapacita - rozměr polic]]*IFERROR(VLOOKUP(Tabulka5789101112131415161718192021222324252627282930313233343536373839404142434445464748[[#This Row],[Označení]],OCHy[#All],2,FALSE),0.6),0) -> 86 | H48: 2 | J48: 86 | L48: 0.7
A49: =IFERROR(VLOOKUP(B49,Pobočky!$A$1:$C$45,3,FALSE)," ") -> 62 | B49: Barrandov | C49: =IFERROR(VLOOKUP(B49,Pobočky!$A$1:$C$45,2,FALSE)," ") -> Jihozápad | D49: BAR-NAUDO | E49: Naučná - dospělí | F49: S - UMĚNÍ. | G49: =ROUND(Tabulka5789101112131415161718192021222324252627282930313233343536373839404142434445464748[[#This Row],[Kapacita - počet polic]]*Tabulka5789101112131415161718192021222324252627282930313233343536373839404142434445464748[[#This Row],[Kapacita - rozměr polic]]*IFERROR(VLOOKUP(Tabulka5789101112131415161718192021222324252627282930313233343536373839404142434445464748[[#This Row],[Označení]],OCHy[#All],2,FALSE),0.6),0) -> 198 | H49: 5 | J49: 86 | L49: 0.7
A50: =IFERROR(VLOOKUP(B50,Pobočky!$A$1:$C$45,3,FALSE)," ") -> 62 | B50: Barrandov | C50: =IFERROR(VLOOKUP(B50,Pobočky!$A$1:$C$45,2,FALSE)," ") -> Jihozápad | D50: BAR-NAUDO | E50: Naučná - dospělí | F50: T - TECHNIKA. | G50: =ROUND(Tabulka5789101112131415161718192021222324252627282930313233343536373839404142434445464748[[#This Row],[Kapacita - počet polic]]*Tabulka5789101112131415161718192021222324252627282930313233343536373839404142434445464748[[#This Row],[Kapacita - rozměr polic]]*IFERROR(VLOOKUP(Tabulka5789101112131415161718192021222324252627282930313233343536373839404142434445464748[[#This Row],[Označení]],OCHy[#All],2,FALSE),0.6),0) -> 86 | H50: 2 | J50: 73 | L50: 0.7
A51: =IFERROR(VLOOKUP(B51,Pobočky!$A$1:$C$45,3,FALSE)," ") -> 62 | B51: Barrandov | C51: =IFERROR(VLOOKUP(B51,Pobočky!$A$1:$C$45,2,FALSE)," ") -> Jihozápad | D51: BAR-NAUDO | E51: Naučná - dospělí | F51: V - HUDBA. | G51: =ROUND(Tabulka5789101112131415161718192021222324252627282930313233343536373839404142434445464748[[#This Row],[Kapacita - počet polic]]*Tabulka5789101112131415161718192021222324252627282930313233343536373839404142434445464748[[#This Row],[Kapacita - rozměr polic]]*IFERROR(VLOOKUP(Tabulka5789101112131415161718192021222324252627282930313233343536373839404142434445464748[[#This Row],[Označení]],OCHy[#All],2,FALSE),0.6),0) -> 40 | H51: 1 | J51: 86 | L51: 0.7
A52: =IFERROR(VLOOKUP(B52,Pobočky!$A$1:$C$45,3,FALSE)," ") -> 62 | B52: Barrandov | C52: =IFERROR(VLOOKUP(B52,Pobočky!$A$1:$C$45,2,FALSE)," ") -> Jihozápad | D52: BAR-NAUDO | E52: Naučná - dospělí | F52: W - VOJENSTVÍ. | G52: =ROUND(Tabulka5789101112131415161718192021222324252627282930313233343536373839404142434445464748[[#This Row],[Kapacita - počet polic]]*Tabulka5789101112131415161718192021222324252627282930313233343536373839404142434445464748[[#This Row],[Kapacita - rozměr polic]]*IFERROR(VLOOKUP(Tabulka5789101112131415161718192021222324252627282930313233343536373839404142434445464748[[#This Row],[Označení]],OCHy[#All],2,FALSE),0.6),0) -> 144 | H52: 4 | J52: 86 | L52: 0.7
A53: =IFERROR(VLOOKUP(B53,Pobočky!$A$1:$C$45,3,FALSE)," ") -> 62 | B53: Barrandov | C53: =IFERROR(VLOOKUP(B53,Pobočky!$A$1:$C$45,2,FALSE)," ") -> Jihozápad | D53: BAR-NAUDO | E53: Naučná - dospělí | F53: X - LITERATURA. | G53: =ROUND(Tabulka5789101112131415161718192021222324252627282930313233343536373839404142434445464748[[#This Row],[Kapacita - počet polic]]*Tabulka5789101112131415161718192021222324252627282930313233343536373839404142434445464748[[#This Row],[Kapacita - rozměr polic]]*IFERROR(VLOOKUP(Tabulka5789101112131415161718192021222324252627282930313233343536373839404142434445464748[[#This Row],[Označení]],OCHy[#All],2,FALSE),0.6),0) -> 101 | H53: 3 | J53: 86 | L53: 0.7
A54: =IFERROR(VLOOKUP(B54,Pobočky!$A$1:$C$45,3,FALSE)," ") -> 62 | B54: Barrandov | C54: =IFERROR(VLOOKUP(B54,Pobočky!$A$1:$C$45,2,FALSE)," ") -> Jihozápad | D54: BAR-NAUDO | E54: Naučná - dospělí | F54: Y - TĚLESNÁ VÝCHOVA A SPORT | G54: =ROUND(Tabulka5789101112131415161718192021222324252627282930313233343536373839404142434445464748[[#This Row],[Kapacita - počet polic]]*Tabulka5789101112131415161718192021222324252627282930313233343536373839404142434445464748[[#This Row],[Kapacita - rozměr polic]]*IFERROR(VLOOKUP(Tabulka5789101112131415161718192021222324252627282930313233343536373839404142434445464748[[#This Row],[Označení]],OCHy[#All],2,FALSE),0.6),0) -> 82 | H54: 2 | J54: 73 | L54: 0.7
A55: =IFERROR(VLOOKUP(B55,Pobočky!$A$1:$C$45,3,FALSE)," ") -> 62 | B55: Barrandov | C55: =IFERROR(VLOOKUP(B55,Pobočky!$A$1:$C$45,2,FALSE)," ") -> Jihozápad | D55: BAR-NAUDO | E55: Naučná - dospělí | F55: Z - ZEMĚDĚLSTVÍ. LESNICTVÍ. MYSLIVOST. | G55: =ROUND(Tabulka5789101112131415161718192021222324252627282930313233343536373839404142434445464748[[#This Row],[Kapacita - počet polic]]*Tabulka5789101112131415161718192021222324252627282930313233343536373839404142434445464748[[#This Row],[Kapacita - rozměr polic]]*IFERROR(VLOOKUP(Tabulka5789101112131415161718192021222324252627282930313233343536373839404142434445464748[[#This Row],[Označení]],OCHy[#All],2,FALSE),0.6),0) -> 245 | H55: 5 | J55: 73 | L55: 0.7
A56: =IFERROR(VLOOKUP(B56,Pobočky!$A$1:$C$45,3,FALSE)," ") -> 62 | B56: Barrandov | C56: =IFERROR(VLOOKUP(B56,Pobočky!$A$1:$C$45,2,FALSE)," ") -> Jihozápad | D56: BAR-PRSK | G56: =ROUND(Tabulka5789101112131415161718192021222324252627282930313233343536373839404142434445464748[[#This Row],[Kapacita - počet polic]]*Tabulka5789101112131415161718192021222324252627282930313233343536373839404142434445464748[[#This Row],[Kapacita - rozměr polic]]*IFERROR(VLOOKUP(Tabulka5789101112131415161718192021222324252627282930313233343536373839404142434445464748[[#This Row],[Označení]],OCHy[#All],2,FALSE),0.6),0) -> 619 | H56: 12 | J56: 86 | K56: pro věci na samopra | L56: 1
A57: =IFERROR(VLOOKUP(B57,Pobočky!$A$1:$C$45,3,FALSE)," ") -> 62 | B57: Barrandov | C57: =IFERROR(VLOOKUP(B57,Pobočky!$A$1:$C$45,2,FALSE)," ") -> Jihozápad | D57: BAR-DOPOR | G57: =ROUND(Tabulka5789101112131415161718192021222324252627282930313233343536373839404142434445464748[[#This Row],[Kapacita - počet polic]]*Tabulka5789101112131415161718192021222324252627282930313233343536373839404142434445464748[[#This Row],[Kapacita - rozměr polic]]*IFERROR(VLOOKUP(Tabulka5789101112131415161718192021222324252627282930313233343536373839404142434445464748[[#This Row],[Označení]],OCHy[#All],2,FALSE),0.6),0) -> 1044 | H57: 20 | J57: 87 | K57: police | L57: 0.5
A58: =IFERROR(VLOOKUP(B58,Pobočky!$A$1:$C$45,3,FALSE)," ") -> 62 | B58: Barrandov | C58: =IFERROR(VLOOKUP(B58,Pobočky!$A$1:$C$45,2,FALSE)," ") -> Jihozápad | D58: BAR-DOPOR | G58: =ROUND(Tabulka5789101112131415161718192021222324252627282930313233343536373839404142434445464748[[#This Row],[Kapacita - počet polic]]*Tabulka5789101112131415161718192021222324252627282930313233343536373839404142434445464748[[#This Row],[Kapacita - rozměr polic]]*IFERROR(VLOOKUP(Tabulka5789101112131415161718192021222324252627282930313233343536373839404142434445464748[[#This Row],[Označení]],OCHy[#All],2,FALSE),0.6),0) -> 1148 | H58: 22 | J58: 87 | K58: atyp | L58: 0.4
A59: =IFERROR(VLOOKUP(B59,Pobočky!$A$1:$C$45,3,FALSE)," ") -> 62 | B59: Barrandov | C59: =IFERROR(VLOOKUP(B59,Pobočky!$A$1:$C$45,2,FALSE)," ") -> Jihozápad | D59: BAR-DOPOR | G59: =ROUND(Tabulka5789101112131415161718192021222324252627282930313233343536373839404142434445464748[[#This Row],[Kapacita - počet polic]]*Tabulka5789101112131415161718192021222324252627282930313233343536373839404142434445464748[[#This Row],[Kapacita - rozměr polic]]*IFERROR(VLOOKUP(Tabulka5789101112131415161718192021222324252627282930313233343536373839404142434445464748[[#This Row],[Označení]],OCHy[#All],2,FALSE),0.6),0) -> 120 | H59: 4 | J59: 50 | K59: atyp | L59: 0.4
A60: =IFERROR(VLOOKUP(B60,Pobočky!$A$1:$C$45,3,FALSE)," ") -> 62 | B60: Barrandov | C60: =IFERROR(VLOOKUP(B60,Pobočky!$A$1:$C$45,2,FALSE)," ") -> Jihozápad | D60: BAR-HRAB | G60: =ROUND(Tabulka5789101112131415161718192021222324252627282930313233343536373839404142434445464748[[#This Row],[Kapacita - počet polic]]*Tabulka5789101112131415161718192021222324252627282930313233343536373839404142434445464748[[#This Row],[Kapacita - rozměr polic]]*IFERROR(VLOOKUP(Tabulka5789101112131415161718192021222324252627282930313233343536373839404142434445464748[[#This Row],[Označení]],OCHy[#All],2,FALSE),0.6),0) -> 835 | H60: 16 | J60: 87 | L60: 0.5
A61: =IFERROR(VLOOKUP(B61,Pobočky!$A$1:$C$45,3,FALSE)," ") -> 62 | B61: Barrandov | C61: =IFERROR(VLOOKUP(B61,Pobočky!$A$1:$C$45,2,FALSE)," ") -> Jihozápad | D61: rezervace | G61: =ROUND(Tabulka5789101112131415161718192021222324252627282930313233343536373839404142434445464748[[#This Row],[Kapacita - počet polic]]*Tabulka5789101112131415161718192021222324252627282930313233343536373839404142434445464748[[#This Row],[Kapacita - rozměr polic]]*IFERROR(VLOOKUP(Tabulka5789101112131415161718192021222324252627282930313233343536373839404142434445464748[[#This Row],[Označení]],OCHy[#All],2,FALSE),0.6),0) -> 619 | H61: 12 | J61: 86 | L61: 0.7
A62: =IFERROR(VLOOKUP(B62,Pobočky!$A$1:$C$45,3,FALSE)," ") -> 62 | B62: Barrandov | C62: =IFERROR(VLOOKUP(B62,Pobočky!$A$1:$C$45,2,FALSE)," ") -> Jihozápad | D62: BAR-VSMS | G62: =ROUND(Tabulka5789101112131415161718192021222324252627282930313233343536373839404142434445464748[[#This Row],[Kapacita - počet polic]]*Tabulka5789101112131415161718192021222324252627282930313233343536373839404142434445464748[[#This Row],[Kapacita - rozměr polic]]*IFERROR(VLOOKUP(Tabulka5789101112131415161718192021222324252627282930313233343536373839404142434445464748[[#This Row],[Označení]],OCHy[#All],2,FALSE),0.6),0) -> 516 | H62: 10 | J62: 86 | K62: CD | L62: 0.5
A63: =IFERROR(VLOOKUP(B63,Pobočky!$A$1:$C$45,3,FALSE)," ") -> 62 | B63: Barrandov | C63: =IFERROR(VLOOKUP(B63,Pobočky!$A$1:$C$45,2,FALSE)," ") -> Jihozápad | D63: BAR-CASDE | G63: =ROUND(Tabulka5789101112131415161718192021222324252627282930313233343536373839404142434445464748[[#This Row],[Kapacita - počet polic]]*Tabulka5789101112131415161718192021222324252627282930313233343536373839404142434445464748[[#This Row],[Kapacita - rozměr polic]]*IFERROR(VLOOKUP(Tabulka5789101112131415161718192021222324252627282930313233343536373839404142434445464748[[#This Row],[Označení]],OCHy[#All],2,FALSE),0.6),0) -> 52 | H63: 1 | J63: 87 | K63: časopisy pro děti
A64: =IFERROR(VLOOKUP(B64,Pobočky!$A$1:$C$45,3,FALSE)," ") -> 62 | B64: Barrandov | C64: =IFERROR(VLOOKUP(B64,Pobočky!$A$1:$C$45,2,FALSE)," ") -> Jihozápad | D64: BAR-CASDO | G64: =ROUND(Tabulka5789101112131415161718192021222324252627282930313233343536373839404142434445464748[[#This Row],[Kapacita - počet polic]]*Tabulka5789101112131415161718192021222324252627282930313233343536373839404142434445464748[[#This Row],[Kapacita - rozměr polic]]*IFERROR(VLOOKUP(Tabulka5789101112131415161718192021222324252627282930313233343536373839404142434445464748[[#This Row],[Označení]],OCHy[#All],2,FALSE),0.6),0) -> 206 | H64: 4 | J64: 86 | K64: časopisy pro dospělé
A65: =IFERROR(VLOOKUP(B65,Pobočky!$A$1:$C$45,3,FALSE)," ") -> 62 | B65: Barrandov | C65: =IFERROR(VLOOKUP(B65,Pobočky!$A$1:$C$45,2,FALSE)," ") -> Jihozápad | D65: BAR-AKJK | G65: =ROUND(Tabulka5789101112131415161718192021222324252627282930313233343536373839404142434445464748[[#This Row],[Kapacita - počet polic]]*Tabulka5789101112131415161718192021222324252627282930313233343536373839404142434445464748[[#This Row],[Kapacita - rozměr polic]]*IFERROR(VLOOKUP(Tabulka5789101112131415161718192021222324252627282930313233343536373839404142434445464748[[#This Row],[Označení]],OCHy[#All],2,FALSE),0.6),0) -> 52 | H65: 1 | J65: 86 | K65: audioknihy a jazykové kurzy
A66: =IFERROR(VLOOKUP(B66,Pobočky!$A$1:$C$45,3,FALSE)," ") | C66: =IFERROR(VLOOKUP(B66,Pobočky!$A$1:$C$45,2,FALSE)," ") | G66: =ROUND(Tabulka5789101112131415161718192021222324252627282930313233343536373839404142434445464748[[#This Row],[Kapacita - počet polic]]*Tabulka5789101112131415161718192021222324252627282930313233343536373839404142434445464748[[#This Row],[Kapacita - rozměr polic]]*IFERROR(VLOOKUP(Tabulka5789101112131415161718192021222324252627282930313233343536373839404142434445464748[[#This Row],[Označení]],OCHy[#All],2,FALSE),0.6),0) -> 0
A67: =IFERROR(VLOOKUP(B67,Pobočky!$A$1:$C$45,3,FALSE)," ") | C67: =IFERROR(VLOOKUP(B67,Pobočky!$A$1:$C$45,2,FALSE)," ") | G67: =ROUND(Tabulka5789101112131415161718192021222324252627282930313233343536373839404142434445464748[[#This Row],[Kapacita - počet polic]]*Tabulka5789101112131415161718192021222324252627282930313233343536373839404142434445464748[[#This Row],[Kapacita - rozměr polic]]*IFERROR(VLOOKUP(Tabulka5789101112131415161718192021222324252627282930313233343536373839404142434445464748[[#This Row],[Označení]],OCHy[#All],2,FALSE),0.6),0) -> 0
A68: =IFERROR(VLOOKUP(B68,Pobočky!$A$1:$C$45,3,FALSE)," ") | C68: =IFERROR(VLOOKUP(B68,Pobočky!$A$1:$C$45,2,FALSE)," ") | G68: =ROUND(Tabulka5789101112131415161718192021222324252627282930313233343536373839404142434445464748[[#This Row],[Kapacita - počet polic]]*Tabulka5789101112131415161718192021222324252627282930313233343536373839404142434445464748[[#This Row],[Kapacita - rozměr polic]]*IFERROR(VLOOKUP(Tabulka5789101112131415161718192021222324252627282930313233343536373839404142434445464748[[#This Row],[Označení]],OCHy[#All],2,FALSE),0.6),0) -> 0
A69: =IFERROR(VLOOKUP(B69,Pobočky!$A$1:$C$45,3,FALSE)," ") | C69: =IFERROR(VLOOKUP(B69,Pobočky!$A$1:$C$45,2,FALSE)," ") | G69: =ROUND(Tabulka5789101112131415161718192021222324252627282930313233343536373839404142434445464748[[#This Row],[Kapacita - počet polic]]*Tabulka5789101112131415161718192021222324252627282930313233343536373839404142434445464748[[#This Row],[Kapacita - rozměr polic]]*IFERROR(VLOOKUP(Tabulka5789101112131415161718192021222324252627282930313233343536373839404142434445464748[[#This Row],[Označení]],OCHy[#All],2,FALSE),0.6),0) -> 0
A70: =IFERROR(VLOOKUP(B70,Pobočky!$A$1:$C$45,3,FALSE)," ") | C70: =IFERROR(VLOOKUP(B70,Pobočky!$A$1:$C$45,2,FALSE)," ") | G70: =ROUND(Tabulka5789101112131415161718192021222324252627282930313233343536373839404142434445464748[[#This Row],[Kapacita - počet polic]]*Tabulka5789101112131415161718192021222324252627282930313233343536373839404142434445464748[[#This Row],[Kapacita - rozměr polic]]*IFERROR(VLOOKUP(Tabulka5789101112131415161718192021222324252627282930313233343536373839404142434445464748[[#This Row],[Označení]],OCHy[#All],2,FALSE),0.6),0) -> 0
A71: =IFERROR(VLOOKUP(B71,Pobočky!$A$1:$C$45,3,FALSE)," ") | C71: =IFERROR(VLOOKUP(B71,Pobočky!$A$1:$C$45,2,FALSE)," ") | G71: =ROUND(Tabulka5789101112131415161718192021222324252627282930313233343536373839404142434445464748[[#This Row],[Kapacita - počet polic]]*Tabulka5789101112131415161718192021222324252627282930313233343536373839404142434445464748[[#This Row],[Kapacita - rozměr polic]]*IFERROR(VLOOKUP(Tabulka5789101112131415161718192021222324252627282930313233343536373839404142434445464748[[#This Row],[Označení]],OCHy[#All],2,FALSE),0.6),0) -> 0
A72: =IFERROR(VLOOKUP(B72,Pobočky!$A$1:$C$45,3,FALSE)," ") | C72: =IFERROR(VLOOKUP(B72,Pobočky!$A$1:$C$45,2,FALSE)," ") | G72: =ROUND(Tabulka5789101112131415161718192021222324252627282930313233343536373839404142434445464748[[#This Row],[Kapacita - počet polic]]*Tabulka5789101112131415161718192021222324252627282930313233343536373839404142434445464748[[#This Row],[Kapacita - rozměr polic]]*IFERROR(VLOOKUP(Tabulka5789101112131415161718192021222324252627282930313233343536373839404142434445464748[[#This Row],[Označení]],OCHy[#All],2,FALSE),0.6),0) -> 0
A73: =IFERROR(VLOOKUP(B73,Pobočky!$A$1:$C$45,3,FALSE)," ") | C73: =IFERROR(VLOOKUP(B73,Pobočky!$A$1:$C$45,2,FALSE)," ") | G73: =ROUND(Tabulka5789101112131415161718192021222324252627282930313233343536373839404142434445464748[[#This Row],[Kapacita - počet polic]]*Tabulka5789101112131415161718192021222324252627282930313233343536373839404142434445464748[[#This Row],[Kapacita - rozměr polic]]*IFERROR(VLOOKUP(Tabulka5789101112131415161718192021222324252627282930313233343536373839404142434445464748[[#This Row],[Označení]],OCHy[#All],2,FALSE),0.6),0) -> 0
A74: =IFERROR(VLOOKUP(B74,Pobočky!$A$1:$C$45,3,FALSE)," ") | C74: =IFERROR(VLOOKUP(B74,Pobočky!$A$1:$C$45,2,FALSE)," ") | G74: =ROUND(Tabulka5789101112131415161718192021222324252627282930313233343536373839404142434445464748[[#This Row],[Kapacita - počet polic]]*Tabulka5789101112131415161718192021222324252627282930313233343536373839404142434445464748[[#This Row],[Kapacita - rozměr polic]]*IFERROR(VLOOKUP(Tabulka5789101112131415161718192021222324252627282930313233343536373839404142434445464748[[#This Row],[Označení]],OCHy[#All],2,FALSE),0.6),0) -> 0
A75: =IFERROR(VLOOKUP(B75,Pobočky!$A$1:$C$45,3,FALSE)," ") | C75: =IFERROR(VLOOKUP(B75,Pobočky!$A$1:$C$45,2,FALSE)," ") | G75: =ROUND(Tabulka5789101112131415161718192021222324252627282930313233343536373839404142434445464748[[#This Row],[Kapacita - počet polic]]*Tabulka5789101112131415161718192021222324252627282930313233343536373839404142434445464748[[#This Row],[Kapacita - rozměr polic]]*IFERROR(VLOOKUP(Tabulka5789101112131415161718192021222324252627282930313233343536373839404142434445464748[[#This Row],[Označení]],OCHy[#All],2,FALSE),0.6),0) -> 0
A76: =IFERROR(VLOOKUP(B76,Pobočky!$A$1:$C$45,3,FALSE)," ") | C76: =IFERROR(VLOOKUP(B76,Pobočky!$A$1:$C$45,2,FALSE)," ") | G76: =ROUND(Tabulka5789101112131415161718192021222324252627282930313233343536373839404142434445464748[[#This Row],[Kapacita - počet polic]]*Tabulka5789101112131415161718192021222324252627282930313233343536373839404142434445464748[[#This Row],[Kapacita - rozměr polic]]*IFERROR(VLOOKUP(Tabulka5789101112131415161718192021222324252627282930313233343536373839404142434445464748[[#This Row],[Označení]],OCHy[#All],2,FALSE),0.6),0) -> 0
A77: =IFERROR(VLOOKUP(B77,Pobočky!$A$1:$C$45,3,FALSE)," ") | C77: =IFERROR(VLOOKUP(B77,Pobočky!$A$1:$C$45,2,FALSE)," ") | G77: =ROUND(Tabulka5789101112131415161718192021222324252627282930313233343536373839404142434445464748[[#This Row],[Kapacita - počet polic]]*Tabulka5789101112131415161718192021222324252627282930313233343536373839404142434445464748[[#This Row],[Kapacita - rozměr polic]]*IFERROR(VLOOKUP(Tabulka5789101112131415161718192021222324252627282930313233343536373839404142434445464748[[#This Row],[Označení]],OCHy[#All],2,FALSE),0.6),0) -> 0
... A417: =IFERROR(VLOOKUP(B417,Pobočky!$A$1:$C$45,3,FALSE)," ") | C417: =IFERROR(VLOOKUP(B417,Pobočky!$A$1:$C$45,2,FALSE)," ") | G417: =ROUND(Tabulka5789101112131415161718192021222324252627282930313233343536373839404142434445464748[[#This Row],[Kapacita - počet polic]]*Tabulka5789101112131415161718192021222324252627282930313233343536373839404142434445464748[[#This Row],[Kapacita - rozměr polic]]*IFERROR(VLOOKUP(Tabulka5789101112131415161718192021222324252627282930313233343536373839404142434445464748[[#This Row],[Označení]],OCHy[#All],2,FALSE),0.6),0) -> 0

Sheet Cibulka
A1: Pobočka č. | B1: Pobočka | C1: Oblast | D1: Lokace - systémové označení (Koniáš) | E1: Typ | F1: Označení | G1: Kapacita svazky | H1: Kapacita - počet polic | I1: Kapacita - současný stav | J1: Kapacita - rozměr polic | K1: Poznámka | L1: Jakou byste doporučili ideální naplněnost?
A2: =IFERROR(VLOOKUP(B2,Pobočky!$A$1:$C$45,3,FALSE)," ") -> 30 | B2: Cibulka | C2: =IFERROR(VLOOKUP(B2,Pobočky!$A$1:$C$45,2,FALSE)," ") -> Jihozápad | D2: CI3-LITDE | E2: Beletrie - děti | F2: A - BELETRIE VŠEOBECNĚ. | G2: =ROUND(Tabulka5789101112131415161718192021222324252627282930313233343536373839404142434445[[#This Row],[Kapacita - počet polic]]*Tabulka5789101112131415161718192021222324252627282930313233343536373839404142434445[[#This Row],[Kapacita - rozměr polic]]*IFERROR(VLOOKUP(Tabulka5789101112131415161718192021222324252627282930313233343536373839404142434445[[#This Row],[Označení]],OCHy[#All],2,FALSE),0.6),0) -> 269 | H2: 6 | J2: 80 | K2: A4 + A1 | L2: 0.7
A3: =IFERROR(VLOOKUP(B3,Pobočky!$A$1:$C$45,3,FALSE)," ") -> 30 | B3: Cibulka | C3: =IFERROR(VLOOKUP(B3,Pobočky!$A$1:$C$45,2,FALSE)," ") -> Jihozápad | D3: CI3-LITDE | E3: Beletrie - děti | F3: A - BELETRIE VŠEOBECNĚ. | G3: =ROUND(Tabulka5789101112131415161718192021222324252627282930313233343536373839404142434445[[#This Row],[Kapacita - počet polic]]*Tabulka5789101112131415161718192021222324252627282930313233343536373839404142434445[[#This Row],[Kapacita - rozměr polic]]*IFERROR(VLOOKUP(Tabulka5789101112131415161718192021222324252627282930313233343536373839404142434445[[#This Row],[Označení]],OCHy[#All],2,FALSE),0.6),0) -> 112 | H3: 4 | J3: 50 | K3: A2 | L3: 0.7
A4: =IFERROR(VLOOKUP(B4,Pobočky!$A$1:$C$45,3,FALSE)," ") -> 30 | B4: Cibulka | C4: =IFERROR(VLOOKUP(B4,Pobočky!$A$1:$C$45,2,FALSE)," ") -> Jihozápad | D4: CI3-LITDE | E4: Beletrie - děti | F4: A - BELETRIE VŠEOBECNĚ. | G4: =ROUND(Tabulka5789101112131415161718192021222324252627282930313233343536373839404142434445[[#This Row],[Kapacita - počet polic]]*Tabulka5789101112131415161718192021222324252627282930313233343536373839404142434445[[#This Row],[Kapacita - rozměr polic]]*IFERROR(VLOOKUP(Tabulka5789101112131415161718192021222324252627282930313233343536373839404142434445[[#This Row],[Označení]],OCHy[#All],2,FALSE),0.6),0) -> 224 | H4: 5 | J4: 80 | K4: A3 | L4: 0.7
A5: =IFERROR(VLOOKUP(B5,Pobočky!$A$1:$C$45,3,FALSE)," ") -> 30 | B5: Cibulka | C5: =IFERROR(VLOOKUP(B5,Pobočky!$A$1:$C$45,2,FALSE)," ") -> Jihozápad | D5: CI3-LITDE | E5: Beletrie - děti | F5: A - BELETRIE VŠEOBECNĚ. | G5: =ROUND(Tabulka5789101112131415161718192021222324252627282930313233343536373839404142434445[[#This Row],[Kapacita - počet polic]]*Tabulka5789101112131415161718192021222324252627282930313233343536373839404142434445[[#This Row],[Kapacita - rozměr polic]]*IFERROR(VLOOKUP(Tabulka5789101112131415161718192021222324252627282930313233343536373839404142434445[[#This Row],[Označení]],OCHy[#All],2,FALSE),0.6),0) -> 28 | H5: 1 | J5: 50 | K5: A3 | L5: 0.7
A6: =IFERROR(VLOOKUP(B6,Pobočky!$A$1:$C$45,3,FALSE)," ") -> 30 | B6: Cibulka | C6: =IFERROR(VLOOKUP(B6,Pobočky!$A$1:$C$45,2,FALSE)," ") -> Jihozápad | D6: CI3-LITDE | E6: Beletrie - děti | F6: J - CIZOJAZYČNÁ BELETRIE. | G6: =ROUND(Tabulka5789101112131415161718192021222324252627282930313233343536373839404142434445[[#This Row],[Kapacita - počet polic]]*Tabulka5789101112131415161718192021222324252627282930313233343536373839404142434445[[#This Row],[Kapacita - rozměr polic]]*IFERROR(VLOOKUP(Tabulka5789101112131415161718192021222324252627282930313233343536373839404142434445[[#This Row],[Označení]],OCHy[#All],2,FALSE),0.6),0) -> 12 | H6: 1 | J6: 34 | L6: 0.7
A7: =IFERROR(VLOOKUP(B7,Pobočky!$A$1:$C$45,3,FALSE)," ") -> 30 | B7: Cibulka | C7: =IFERROR(VLOOKUP(B7,Pobočky!$A$1:$C$45,2,FALSE)," ") -> Jihozápad | D7: CI3-LITDE | E7: Beletrie - děti | F7: A - BELETRIE VŠEOBECNĚ. | G7: =ROUND(Tabulka5789101112131415161718192021222324252627282930313233343536373839404142434445[[#This Row],[Kapacita - počet polic]]*Tabulka5789101112131415161718192021222324252627282930313233343536373839404142434445[[#This Row],[Kapacita - rozměr polic]]*IFERROR(VLOOKUP(Tabulka5789101112131415161718192021222324252627282930313233343536373839404142434445[[#This Row],[Označení]],OCHy[#All],2,FALSE),0.6),0) -> 19 | H7: 1 | J7: 34 | K7: leporela | L7: 0.5
A8: =IFERROR(VLOOKUP(B8,Pobočky!$A$1:$C$45,3,FALSE)," ") -> 30 | B8: Cibulka | C8: =IFERROR(VLOOKUP(B8,Pobočky!$A$1:$C$45,2,FALSE)," ") -> Jihozápad | D8: CI3-LITDE | E8: Beletrie - děti | F8: A - BELETRIE VŠEOBECNĚ. | G8: =ROUND(Tabulka5789101112131415161718192021222324252627282930313233343536373839404142434445[[#This Row],[Kapacita - počet polic]]*Tabulka5789101112131415161718192021222324252627282930313233343536373839404142434445[[#This Row],[Kapacita - rozměr polic]]*IFERROR(VLOOKUP(Tabulka5789101112131415161718192021222324252627282930313233343536373839404142434445[[#This Row],[Označení]],OCHy[#All],2,FALSE),0.6),0) -> 19 | H8: 1 | J8: 34 | K8: komiksy | L8: 0.5
A9: =IFERROR(VLOOKUP(B9,Pobočky!$A$1:$C$45,3,FALSE)," ") -> 30 | B9: Cibulka | C9: =IFERROR(VLOOKUP(B9,Pobočky!$A$1:$C$45,2,FALSE)," ") -> Jihozápad | D9: CI3-LITDE | E9: Beletrie - děti | F9: B - POEZIE. | G9: =ROUND(Tabulka5789101112131415161718192021222324252627282930313233343536373839404142434445[[#This Row],[Kapacita - počet polic]]*Tabulka5789101112131415161718192021222324252627282930313233343536373839404142434445[[#This Row],[Kapacita - rozměr polic]]*IFERROR(VLOOKUP(Tabulka5789101112131415161718192021222324252627282930313233343536373839404142434445[[#This Row],[Označení]],OCHy[#All],2,FALSE),0.6),0) -> 20 | H9: 1 | J9: 34 | L9: 0.7
A10: =IFERROR(VLOOKUP(B10,Pobočky!$A$1:$C$45,3,FALSE)," ") -> 30 | B10: Cibulka | C10: =IFERROR(VLOOKUP(B10,Pobočky!$A$1:$C$45,2,FALSE)," ") -> Jihozápad | D10: CI3-LITDE | E10: Naučná - děti | F10: C - DOMÁCNOST. | G10: =ROUND(Tabulka5789101112131415161718192021222324252627282930313233343536373839404142434445[[#This Row],[Kapacita - počet polic]]*Tabulka5789101112131415161718192021222324252627282930313233343536373839404142434445[[#This Row],[Kapacita - rozměr polic]]*IFERROR(VLOOKUP(Tabulka5789101112131415161718192021222324252627282930313233343536373839404142434445[[#This Row],[Označení]],OCHy[#All],2,FALSE),0.6),0) -> 12 | H10: 0.25 | J10: 80 | L10: 0.6
A11: =IFERROR(VLOOKUP(B11,Pobočky!$A$1:$C$45,3,FALSE)," ") -> 30 | B11: Cibulka | C11: =IFERROR(VLOOKUP(B11,Pobočky!$A$1:$C$45,2,FALSE)," ") -> Jihozápad | D11: CI3-LITDE | E11: Naučná - děti | F11: D - DĚJINY. DĚJEPIS. | G11: =ROUND(Tabulka5789101112131415161718192021222324252627282930313233343536373839404142434445[[#This Row],[Kapacita - počet polic]]*Tabulka5789101112131415161718192021222324252627282930313233343536373839404142434445[[#This Row],[Kapacita - rozměr polic]]*IFERROR(VLOOKUP(Tabulka5789101112131415161718192021222324252627282930313233343536373839404142434445[[#This Row],[Označení]],OCHy[#All],2,FALSE),0.6),0) -> 23 | H11: 0.75 | J11: 80 | L11: 0.6
A12: =IFERROR(VLOOKUP(B12,Pobočky!$A$1:$C$45,3,FALSE)," ") -> 30 | B12: Cibulka | C12: =IFERROR(VLOOKUP(B12,Pobočky!$A$1:$C$45,2,FALSE)," ") -> Jihozápad | D12: CI3-LITDE | E12: Naučná - děti | F12: E - ZEMĚPIS. VLASTIVĚDA. ETNOGRAFIE. | G12: =ROUND(Tabulka5789101112131415161718192021222324252627282930313233343536373839404142434445[[#This Row],[Kapacita - počet polic]]*Tabulka5789101112131415161718192021222324252627282930313233343536373839404142434445[[#This Row],[Kapacita - rozměr polic]]*IFERROR(VLOOKUP(Tabulka5789101112131415161718192021222324252627282930313233343536373839404142434445[[#This Row],[Označení]],OCHy[#All],2,FALSE),0.6),0) -> 9 | H12: 0.2 | J12: 80 | L12: 0.6
A13: =IFERROR(VLOOKUP(B13,Pobočky!$A$1:$C$45,3,FALSE)," ") -> 30 | B13: Cibulka | C13: =IFERROR(VLOOKUP(B13,Pobočky!$A$1:$C$45,2,FALSE)," ") -> Jihozápad | D13: CI3-LITDE | E13: Naučná - děti | F13: K - PŘÍRODNÍ VĚDY. | G13: =ROUND(Tabulka5789101112131415161718192021222324252627282930313233343536373839404142434445[[#This Row],[Kapacita - počet polic]]*Tabulka5789101112131415161718192021222324252627282930313233343536373839404142434445[[#This Row],[Kapacita - rozměr polic]]*IFERROR(VLOOKUP(Tabulka5789101112131415161718192021222324252627282930313233343536373839404142434445[[#This Row],[Označení]],OCHy[#All],2,FALSE),0.6),0) -> 69 | H13: 1.7 | J13: 80 | L13: 0.6
A14: =IFERROR(VLOOKUP(B14,Pobočky!$A$1:$C$45,3,FALSE)," ") -> 30 | B14: Cibulka | C14: =IFERROR(VLOOKUP(B14,Pobočky!$A$1:$C$45,2,FALSE)," ") -> Jihozápad | D14: CI3-LITDE | E14: Naučná - děti | F14: L - FILOZOFIE. PSYCHOLOGIE. ESTETIKA. ETIKA. LOGIKA. NÁBOŽENSTVÍ. | G14: =ROUND(Tabulka5789101112131415161718192021222324252627282930313233343536373839404142434445[[#This Row],[Kapacita - počet polic]]*Tabulka5789101112131415161718192021222324252627282930313233343536373839404142434445[[#This Row],[Kapacita - rozměr polic]]*IFERROR(VLOOKUP(Tabulka5789101112131415161718192021222324252627282930313233343536373839404142434445[[#This Row],[Označení]],OCHy[#All],2,FALSE),0.6),0) -> 9 | H14: 0.25 | J14: 80 | L14: 0.6
A15: =IFERROR(VLOOKUP(B15,Pobočky!$A$1:$C$45,3,FALSE)," ") -> 30 | B15: Cibulka | C15: =IFERROR(VLOOKUP(B15,Pobočky!$A$1:$C$45,2,FALSE)," ") -> Jihozápad | D15: CI3-LITDE | E15: Naučná - děti | F15: N - PEDAGOGIKA. ŠKOLSTVÍ. VÝCHOVA. VZDĚLÁVÁNÍ. | G15: =ROUND(Tabulka5789101112131415161718192021222324252627282930313233343536373839404142434445[[#This Row],[Kapacita - počet polic]]*Tabulka5789101112131415161718192021222324252627282930313233343536373839404142434445[[#This Row],[Kapacita - rozměr polic]]*IFERROR(VLOOKUP(Tabulka5789101112131415161718192021222324252627282930313233343536373839404142434445[[#This Row],[Označení]],OCHy[#All],2,FALSE),0.6),0) -> 17 | H15: 0.35 | J15: 80 | L15: 0.6
A16: =IFERROR(VLOOKUP(B16,Pobočky!$A$1:$C$45,3,FALSE)," ") -> 30 | B16: Cibulka | C16: =IFERROR(VLOOKUP(B16,Pobočky!$A$1:$C$45,2,FALSE)," ") -> Jihozápad | D16: CI3-LITDE | E16: Naučná - děti | F16: T - TECHNIKA. | G16: =ROUND(Tabulka5789101112131415161718192021222324252627282930313233343536373839404142434445[[#This Row],[Kapacita - počet polic]]*Tabulka5789101112131415161718192021222324252627282930313233343536373839404142434445[[#This Row],[Kapacita - rozměr polic]]*IFERROR(VLOOKUP(Tabulka5789101112131415161718192021222324252627282930313233343536373839404142434445[[#This Row],[Označení]],OCHy[#All],2,FALSE),0.6),0) -> 12 | H16: 0.25 | J16: 80 | L16: 0.6
A17: =IFERROR(VLOOKUP(B17,Pobočky!$A$1:$C$45,3,FALSE)," ") -> 30 | B17: Cibulka | C17: =IFERROR(VLOOKUP(B17,Pobočky!$A$1:$C$45,2,FALSE)," ") -> Jihozápad | D17: CI3-LITDE | E17: Naučná - děti | F17: V - HUDBA. | G17: =ROUND(Tabulka5789101112131415161718192021222324252627282930313233343536373839404142434445[[#This Row],[Kapacita - počet polic]]*Tabulka5789101112131415161718192021222324252627282930313233343536373839404142434445[[#This Row],[Kapacita - rozměr polic]]*IFERROR(VLOOKUP(Tabulka5789101112131415161718192021222324252627282930313233343536373839404142434445[[#This Row],[Označení]],OCHy[#All],2,FALSE),0.6),0) -> 9 | H17: 0.25 | J17: 80 | L17: 0.6
A18: =IFERROR(VLOOKUP(B18,Pobočky!$A$1:$C$45,3,FALSE)," ") -> 30 | B18: Cibulka | C18: =IFERROR(VLOOKUP(B18,Pobočky!$A$1:$C$45,2,FALSE)," ") -> Jihozápad | D18: CI3-LITDE | E18: Naučná - děti | F18: Y - TĚLESNÁ VÝCHOVA A SPORT | G18: =ROUND(Tabulka5789101112131415161718192021222324252627282930313233343536373839404142434445[[#This Row],[Kapacita - počet polic]]*Tabulka5789101112131415161718192021222324252627282930313233343536373839404142434445[[#This Row],[Kapacita - rozměr polic]]*IFERROR(VLOOKUP(Tabulka5789101112131415161718192021222324252627282930313233343536373839404142434445[[#This Row],[Označení]],OCHy[#All],2,FALSE),0.6),0) -> 11 | H18: 0.25 | J18: 80 | L18: 0.6
A19: =IFERROR(VLOOKUP(B19,Pobočky!$A$1:$C$45,3,FALSE)," ") -> 30 | B19: Cibulka | C19: =IFERROR(VLOOKUP(B19,Pobočky!$A$1:$C$45,2,FALSE)," ") -> Jihozápad | D19: CI3-LITDE | E19: Naučná - děti | F19: Z - ZEMĚDĚLSTVÍ. LESNICTVÍ. MYSLIVOST. | G19: =ROUND(Tabulka5789101112131415161718192021222324252627282930313233343536373839404142434445[[#This Row],[Kapacita - počet polic]]*Tabulka5789101112131415161718192021222324252627282930313233343536373839404142434445[[#This Row],[Kapacita - rozměr polic]]*IFERROR(VLOOKUP(Tabulka5789101112131415161718192021222324252627282930313233343536373839404142434445[[#This Row],[Označení]],OCHy[#All],2,FALSE),0.6),0) -> 13 | H19: 0.25 | J19: 80 | L19: 0.6
A20: =IFERROR(VLOOKUP(B20,Pobočky!$A$1:$C$45,3,FALSE)," ") -> 30 | B20: Cibulka | C20: =IFERROR(VLOOKUP(B20,Pobočky!$A$1:$C$45,2,FALSE)," ") -> Jihozápad | D20: CI3-LITDE | E20: Naučná - děti | G20: =ROUND(Tabulka5789101112131415161718192021222324252627282930313233343536373839404142434445[[#This Row],[Kapacita - počet polic]]*Tabulka5789101112131415161718192021222324252627282930313233343536373839404142434445[[#This Row],[Kapacita - rozměr polic]]*IFERROR(VLOOKUP(Tabulka5789101112131415161718192021222324252627282930313233343536373839404142434445[[#This Row],[Označení]],OCHy[#All],2,FALSE),0.6),0) -> 24 | H20: 0.5 | J20: 80 | K20: OSTATNÍ NAUČNÁ | L20: 0.6
A21: =IFERROR(VLOOKUP(B21,Pobočky!$A$1:$C$45,3,FALSE)," ") -> 30 | B21: Cibulka | C21: =IFERROR(VLOOKUP(B21,Pobočky!$A$1:$C$45,2,FALSE)," ") -> Jihozápad | D21: CI3-LITDO | E21: Beletrie - dospělí | F21: A - BELETRIE VŠEOBECNĚ. | G21: =ROUND(Tabulka5789101112131415161718192021222324252627282930313233343536373839404142434445[[#This Row],[Kapacita - počet polic]]*Tabulka5789101112131415161718192021222324252627282930313233343536373839404142434445[[#This Row],[Kapacita - rozměr polic]]*IFERROR(VLOOKUP(Tabulka5789101112131415161718192021222324252627282930313233343536373839404142434445[[#This Row],[Označení]],OCHy[#All],2,FALSE),0.6),0) -> 1075 | H21: 24 | J21: 80 | L21: 0.7
A22: =IFERROR(VLOOKUP(B22,Pobočky!$A$1:$C$45,3,FALSE)," ") -> 30 | B22: Cibulka | C22: =IFERROR(VLOOKUP(B22,Pobočky!$A$1:$C$45,2,FALSE)," ") -> Jihozápad | D22: CI3-LITDO | E22: Beletrie - dospělí | F22: E.T. - sci-fi | G22: =ROUND(Tabulka5789101112131415161718192021222324252627282930313233343536373839404142434445[[#This Row],[Kapacita - počet polic]]*Tabulka5789101112131415161718192021222324252627282930313233343536373839404142434445[[#This Row],[Kapacita - rozměr polic]]*IFERROR(VLOOKUP(Tabulka5789101112131415161718192021222324252627282930313233343536373839404142434445[[#This Row],[Označení]],OCHy[#All],2,FALSE),0.6),0) -> 26 | H22: 1 | J22: 80 | L22: 0.7
A23: =IFERROR(VLOOKUP(B23,Pobočky!$A$1:$C$45,3,FALSE)," ") -> 30 | B23: Cibulka | C23: =IFERROR(VLOOKUP(B23,Pobočky!$A$1:$C$45,2,FALSE)," ") -> Jihozápad | D23: CI3-LITDO | E23: Beletrie - dospělí | F23: MÁG - fantasy | G23: =ROUND(Tabulka5789101112131415161718192021222324252627282930313233343536373839404142434445[[#This Row],[Kapacita - počet polic]]*Tabulka5789101112131415161718192021222324252627282930313233343536373839404142434445[[#This Row],[Kapacita - rozměr polic]]*IFERROR(VLOOKUP(Tabulka5789101112131415161718192021222324252627282930313233343536373839404142434445[[#This Row],[Označení]],OCHy[#All],2,FALSE),0.6),0) -> 25 | H23: 1 | J23: 80 | L23: 0.7
A24: =IFERROR(VLOOKUP(B24,Pobočky!$A$1:$C$45,3,FALSE)," ") -> 30 | B24: Cibulka | C24: =IFERROR(VLOOKUP(B24,Pobočky!$A$1:$C$45,2,FALSE)," ") -> Jihozápad | D24: CI3-LITDO | E24: Beletrie - dospělí | G24: =ROUND(Tabulka5789101112131415161718192021222324252627282930313233343536373839404142434445[[#This Row],[Kapacita - počet polic]]*Tabulka5789101112131415161718192021222324252627282930313233343536373839404142434445[[#This Row],[Kapacita - rozměr polic]]*IFERROR(VLOOKUP(Tabulka5789101112131415161718192021222324252627282930313233343536373839404142434445[[#This Row],[Označení]],OCHy[#All],2,FALSE),0.6),0) -> 48 | H24: 1 | J24: 80 | K24: komiksy | L24: 0.5
A25: =IFERROR(VLOOKUP(B25,Pobočky!$A$1:$C$45,3,FALSE)," ") -> 30 | B25: Cibulka | C25: =IFERROR(VLOOKUP(B25,Pobočky!$A$1:$C$45,2,FALSE)," ") -> Jihozápad | D25: CI3-LITDO | E25: Beletrie - dospělí | F25: B - POEZIE. | G25: =ROUND(Tabulka5789101112131415161718192021222324252627282930313233343536373839404142434445[[#This Row],[Kapacita - počet polic]]*Tabulka5789101112131415161718192021222324252627282930313233343536373839404142434445[[#This Row],[Kapacita - rozměr polic]]*IFERROR(VLOOKUP(Tabulka5789101112131415161718192021222324252627282930313233343536373839404142434445[[#This Row],[Označení]],OCHy[#All],2,FALSE),0.6),0) -> 12 | H25: 0.25 | J25: 80 | K25: divadelní hry | L25: 0.7
A26: =IFERROR(VLOOKUP(B26,Pobočky!$A$1:$C$45,3,FALSE)," ") -> 30 | B26: Cibulka | C26: =IFERROR(VLOOKUP(B26,Pobočky!$A$1:$C$45,2,FALSE)," ") -> Jihozápad | D26: CI3-LITDO | E26: Beletrie - dospělí | F26: B - POEZIE. | G26: =ROUND(Tabulka5789101112131415161718192021222324252627282930313233343536373839404142434445[[#This Row],[Kapacita - počet polic]]*Tabulka5789101112131415161718192021222324252627282930313233343536373839404142434445[[#This Row],[Kapacita - rozměr polic]]*IFERROR(VLOOKUP(Tabulka5789101112131415161718192021222324252627282930313233343536373839404142434445[[#This Row],[Označení]],OCHy[#All],2,FALSE),0.6),0) -> 36 | H26: 0.75 | J26: 80 | L26: 0.7
A27: =IFERROR(VLOOKUP(B27,Pobočky!$A$1:$C$45,3,FALSE)," ") -> 30 | B27: Cibulka | C27: =IFERROR(VLOOKUP(B27,Pobočky!$A$1:$C$45,2,FALSE)," ") -> Jihozápad | D27: CI3-LITDO | E27: Beletrie - dospělí | F27: J - CIZOJAZYČNÁ BELETRIE. | G27: =ROUND(Tabulka5789101112131415161718192021222324252627282930313233343536373839404142434445[[#This Row],[Kapacita - počet polic]]*Tabulka5789101112131415161718192021222324252627282930313233343536373839404142434445[[#This Row],[Kapacita - rozměr polic]]*IFERROR(VLOOKUP(Tabulka5789101112131415161718192021222324252627282930313233343536373839404142434445[[#This Row],[Označení]],OCHy[#All],2,FALSE),0.6),0) -> 22 | H27: 0.75 | J27: 80 | K27: J4 | L27: 0.7
A28: =IFERROR(VLOOKUP(B28,Pobočky!$A$1:$C$45,3,FALSE)," ") -> 30 | B28: Cibulka | C28: =IFERROR(VLOOKUP(B28,Pobočky!$A$1:$C$45,2,FALSE)," ") -> Jihozápad | D28: CI3-LITDO | E28: Beletrie - dospělí | F28: J - CIZOJAZYČNÁ BELETRIE. | G28: =ROUND(Tabulka5789101112131415161718192021222324252627282930313233343536373839404142434445[[#This Row],[Kapacita - počet polic]]*Tabulka5789101112131415161718192021222324252627282930313233343536373839404142434445[[#This Row],[Kapacita - rozměr polic]]*IFERROR(VLOOKUP(Tabulka5789101112131415161718192021222324252627282930313233343536373839404142434445[[#This Row],[Označení]],OCHy[#All],2,FALSE),0.6),0) -> 7 | H28: 0.25 | J28: 80 | K28: J ostatní | L28: 0.7
A29: =IFERROR(VLOOKUP(B29,Pobočky!$A$1:$C$45,3,FALSE)," ") -> 30 | B29: Cibulka | C29: =IFERROR(VLOOKUP(B29,Pobočky!$A$1:$C$45,2,FALSE)," ") -> Jihozápad | D29: CI3-LITDO | E29: Naučná - dospělí | F29: C - DOMÁCNOST. | G29: =ROUND(Tabulka5789101112131415161718192021222324252627282930313233343536373839404142434445[[#This Row],[Kapacita - počet polic]]*Tabulka5789101112131415161718192021222324252627282930313233343536373839404142434445[[#This Row],[Kapacita - rozměr polic]]*IFERROR(VLOOKUP(Tabulka5789101112131415161718192021222324252627282930313233343536373839404142434445[[#This Row],[Označení]],OCHy[#All],2,FALSE),0.6),0) -> 40 | H29: 0.8 | J29: 80 | L29: 0.7
A30: =IFERROR(VLOOKUP(B30,Pobočky!$A$1:$C$45,3,FALSE)," ") -> 30 | B30: Cibulka | C30: =IFERROR(VLOOKUP(B30,Pobočky!$A$1:$C$45,2,FALSE)," ") -> Jihozápad | D30: CI3-LITDO | E30: Naučná - dospělí | F30: D - DĚJINY. DĚJEPIS. | G30: =ROUND(Tabulka5789101112131415161718192021222324252627282930313233343536373839404142434445[[#This Row],[Kapacita - počet polic]]*Tabulka5789101112131415161718192021222324252627282930313233343536373839404142434445[[#This Row],[Kapacita - rozměr polic]]*IFERROR(VLOOKUP(Tabulka5789101112131415161718192021222324252627282930313233343536373839404142434445[[#This Row],[Označení]],OCHy[#All],2,FALSE),0.6),0) -> 30 | H30: 1 | J30: 80 | L30: 0.7
A31: =IFERROR(VLOOKUP(B31,Pobočky!$A$1:$C$45,3,FALSE)," ") -> 30 | B31: Cibulka | C31: =IFERROR(VLOOKUP(B31,Pobočky!$A$1:$C$45,2,FALSE)," ") -> Jihozápad | D31: CI3-LITDO | E31: Naučná - dospělí | F31: E - ZEMĚPIS. VLASTIVĚDA. ETNOGRAFIE. | G31: =ROUND(Tabulka5789101112131415161718192021222324252627282930313233343536373839404142434445[[#This Row],[Kapacita - počet polic]]*Tabulka5789101112131415161718192021222324252627282930313233343536373839404142434445[[#This Row],[Kapacita - rozměr polic]]*IFERROR(VLOOKUP(Tabulka5789101112131415161718192021222324252627282930313233343536373839404142434445[[#This Row],[Označení]],OCHy[#All],2,FALSE),0.6),0) -> 18 | H31: 0.4 | J31: 80 | L31: 0.7
A32: =IFERROR(VLOOKUP(B32,Pobočky!$A$1:$C$45,3,FALSE)," ") -> 30 | B32: Cibulka | C32: =IFERROR(VLOOKUP(B32,Pobočky!$A$1:$C$45,2,FALSE)," ") -> Jihozápad | D32: CI3-LITDO | E32: Naučná - dospělí | F32: K - PŘÍRODNÍ VĚDY. | G32: =ROUND(Tabulka5789101112131415161718192021222324252627282930313233343536373839404142434445[[#This Row],[Kapacita - počet polic]]*Tabulka5789101112131415161718192021222324252627282930313233343536373839404142434445[[#This Row],[Kapacita - rozměr polic]]*IFERROR(VLOOKUP(Tabulka5789101112131415161718192021222324252627282930313233343536373839404142434445[[#This Row],[Označení]],OCHy[#All],2,FALSE),0.6),0) -> 6 | H32: 0.15 | J32: 80 | L32: 0.7
A33: =IFERROR(VLOOKUP(B33,Pobočky!$A$1:$C$45,3,FALSE)," ") -> 30 | B33: Cibulka | C33: =IFERROR(VLOOKUP(B33,Pobočky!$A$1:$C$45,2,FALSE)," ") -> Jihozápad | D33: CI3-LITDO | E33: Naučná - dospělí | F33: L - FILOZOFIE. PSYCHOLOGIE. ESTETIKA. ETIKA. LOGIKA. NÁBOŽENSTVÍ. | G33: =ROUND(Tabulka5789101112131415161718192021222324252627282930313233343536373839404142434445[[#This Row],[Kapacita - počet polic]]*Tabulka5789101112131415161718192021222324252627282930313233343536373839404142434445[[#This Row],[Kapacita - rozměr polic]]*IFERROR(VLOOKUP(Tabulka5789101112131415161718192021222324252627282930313233343536373839404142434445[[#This Row],[Označení]],OCHy[#All],2,FALSE),0.6),0) -> 28 | H33: 0.75 | J33: 80 | L33: 0.7
A34: =IFERROR(VLOOKUP(B34,Pobočky!$A$1:$C$45,3,FALSE)," ") -> 30 | B34: Cibulka | C34: =IFERROR(VLOOKUP(B34,Pobočky!$A$1:$C$45,2,FALSE)," ") -> Jihozápad | D34: CI3-LITDO | E34: Naučná - dospělí | F34: N - PEDAGOGIKA. ŠKOLSTVÍ. VÝCHOVA. VZDĚLÁVÁNÍ. | G34: =ROUND(Tabulka5789101112131415161718192021222324252627282930313233343536373839404142434445[[#This Row],[Kapacita - počet polic]]*Tabulka5789101112131415161718192021222324252627282930313233343536373839404142434445[[#This Row],[Kapacita - rozměr polic]]*IFERROR(VLOOKUP(Tabulka5789101112131415161718192021222324252627282930313233343536373839404142434445[[#This Row],[Označení]],OCHy[#All],2,FALSE),0.6),0) -> 14 | H34: 0.3 | J34: 80 | L34: 0.7
A35: =IFERROR(VLOOKUP(B35,Pobočky!$A$1:$C$45,3,FALSE)," ") -> 30 | B35: Cibulka | C35: =IFERROR(VLOOKUP(B35,Pobočky!$A$1:$C$45,2,FALSE)," ") -> Jihozápad | D35: CI3-LITDO | E35: Naučná - dospělí | F35: P - LÉKAŘSTVÍ A ZDRAVOTNICTVÍ. | G35: =ROUND(Tabulka5789101112131415161718192021222324252627282930313233343536373839404142434445[[#This Row],[Kapacita - počet polic]]*Tabulka5789101112131415161718192021222324252627282930313233343536373839404142434445[[#This Row],[Kapacita - rozměr polic]]*IFERROR(VLOOKUP(Tabulka5789101112131415161718192021222324252627282930313233343536373839404142434445[[#This Row],[Označení]],OCHy[#All],2,FALSE),0.6),0) -> 15 | H35: 0.35 | J35: 80 | L35: 0.7
A36: =IFERROR(VLOOKUP(B36,Pobočky!$A$1:$C$45,3,FALSE)," ") -> 30 | B36: Cibulka | C36: =IFERROR(VLOOKUP(B36,Pobočky!$A$1:$C$45,2,FALSE)," ") -> Jihozápad | D36: CI3-LITDO | E36: Naučná - dospělí | F36: R - JAZYKOVĚDA. | G36: =ROUND(Tabulka5789101112131415161718192021222324252627282930313233343536373839404142434445[[#This Row],[Kapacita - počet polic]]*Tabulka5789101112131415161718192021222324252627282930313233343536373839404142434445[[#This Row],[Kapacita - rozměr polic]]*IFERROR(VLOOKUP(Tabulka5789101112131415161718192021222324252627282930313233343536373839404142434445[[#This Row],[Označení]],OCHy[#All],2,FALSE),0.6),0) -> 8 | H36: 0.2 | J36: 80 | L36: 0.7
A37: =IFERROR(VLOOKUP(B37,Pobočky!$A$1:$C$45,3,FALSE)," ") -> 30 | B37: Cibulka | C37: =IFERROR(VLOOKUP(B37,Pobočky!$A$1:$C$45,2,FALSE)," ") -> Jihozápad | D37: CI3-LITDO | E37: Naučná - dospělí | F37: S - UMĚNÍ. | G37: =ROUND(Tabulka5789101112131415161718192021222324252627282930313233343536373839404142434445[[#This Row],[Kapacita - počet polic]]*Tabulka5789101112131415161718192021222324252627282930313233343536373839404142434445[[#This Row],[Kapacita - rozměr polic]]*IFERROR(VLOOKUP(Tabulka5789101112131415161718192021222324252627282930313233343536373839404142434445[[#This Row],[Označení]],OCHy[#All],2,FALSE),0.6),0) -> 13 | H37: 0.35 | J37: 80 | L37: 0.7
A38: =IFERROR(VLOOKUP(B38,Pobočky!$A$1:$C$45,3,FALSE)," ") -> 30 | B38: Cibulka | C38: =IFERROR(VLOOKUP(B38,Pobočky!$A$1:$C$45,2,FALSE)," ") -> Jihozápad | D38: CI3-LITDO | E38: Naučná - dospělí | F38: T - TECHNIKA. | G38: =ROUND(Tabulka5789101112131415161718192021222324252627282930313233343536373839404142434445[[#This Row],[Kapacita - počet polic]]*Tabulka5789101112131415161718192021222324252627282930313233343536373839404142434445[[#This Row],[Kapacita - rozměr polic]]*IFERROR(VLOOKUP(Tabulka5789101112131415161718192021222324252627282930313233343536373839404142434445[[#This Row],[Označení]],OCHy[#All],2,FALSE),0.6),0) -> 5 | H38: 0.1 | J38: 80 | L38: 0.7
A39: =IFERROR(VLOOKUP(B39,Pobočky!$A$1:$C$45,3,FALSE)," ") -> 30 | B39: Cibulka | C39: =IFERROR(VLOOKUP(B39,Pobočky!$A$1:$C$45,2,FALSE)," ") -> Jihozápad | D39: CI3-LITDO | E39: Naučná - dospělí | F39: V - HUDBA. | G39: =ROUND(Tabulka5789101112131415161718192021222324252627282930313233343536373839404142434445[[#This Row],[Kapacita - počet polic]]*Tabulka5789101112131415161718192021222324252627282930313233343536373839404142434445[[#This Row],[Kapacita - rozměr polic]]*IFERROR(VLOOKUP(Tabulka5789101112131415161718192021222324252627282930313233343536373839404142434445[[#This Row],[Označení]],OCHy[#All],2,FALSE),0.6),0) -> 4 | H39: 0.1 | J39: 80 | L39: 0.7
A40: =IFERROR(VLOOKUP(B40,Pobočky!$A$1:$C$45,3,FALSE)," ") -> 30 | B40: Cibulka | C40: =IFERROR(VLOOKUP(B40,Pobočky!$A$1:$C$45,2,FALSE)," ") -> Jihozápad | D40: CI3-LITDO | E40: Naučná - dospělí | F40: X - LITERATURA. | G40: =ROUND(Tabulka5789101112131415161718192021222324252627282930313233343536373839404142434445[[#This Row],[Kapacita - počet polic]]*Tabulka5789101112131415161718192021222324252627282930313233343536373839404142434445[[#This Row],[Kapacita - rozměr polic]]*IFERROR(VLOOKUP(Tabulka5789101112131415161718192021222324252627282930313233343536373839404142434445[[#This Row],[Označení]],OCHy[#All],2,FALSE),0.6),0) -> 6 | H40: 0.2 | J40: 80 | L40: 0.7
... A42: =IFERROR(VLOOKUP(B42,Pobočky!$A$1:$C$45,3,FALSE)," ") -> 30 | B42: Cibulka | C42: =IFERROR(VLOOKUP(B42,Pobočky!$A$1:$C$45,2,FALSE)," ") -> Jihozápad | D42: CI3-LITDO | E42: Naučná - dospělí | F42: Z - ZEMĚDĚLSTVÍ. LESNICTVÍ. MYSLIVOST. | G42: =ROUND(Tabulka5789101112131415161718192021222324252627282930313233343536373839404142434445[[#This Row],[Kapacita - počet polic]]*Tabulka5789101112131415161718192021222324252627282930313233343536373839404142434445[[#This Row],[Kapacita - rozměr polic]]*IFERROR(VLOOKUP(Tabulka5789101112131415161718192021222324252627282930313233343536373839404142434445[[#This Row],[Označení]],OCHy[#All],2,FALSE),0.6),0) -> 32 | H42: 0.6 | J42: 80 | L42: 0.7
A43: =IFERROR(VLOOKUP(B43,Pobočky!$A$1:$C$45,3,FALSE)," ") -> 30 | B43: Cibulka | C43: =IFERROR(VLOOKUP(B43,Pobočky!$A$1:$C$45,2,FALSE)," ") -> Jihozápad | D43: CI3-LITDO | E43: Naučná - dospělí | G43: =ROUND(Tabulka5789101112131415161718192021222324252627282930313233343536373839404142434445[[#This Row],[Kapacita - počet polic]]*Tabulka5789101112131415161718192021222324252627282930313233343536373839404142434445[[#This Row],[Kapacita - rozměr polic]]*IFERROR(VLOOKUP(Tabulka5789101112131415161718192021222324252627282930313233343536373839404142434445[[#This Row],[Označení]],OCHy[#All],2,FALSE),0.6),0) -> 24 | H43: 0.5 | J43: 80 | K43: G, O, W | L43: 0.7
A44: =IFERROR(VLOOKUP(B44,Pobočky!$A$1:$C$45,3,FALSE)," ") -> 30 | B44: Cibulka | C44: =IFERROR(VLOOKUP(B44,Pobočky!$A$1:$C$45,2,FALSE)," ") -> Jihozápad | D44: CIB3-DOPOR | G44: =ROUND(Tabulka5789101112131415161718192021222324252627282930313233343536373839404142434445[[#This Row],[Kapacita - počet polic]]*Tabulka5789101112131415161718192021222324252627282930313233343536373839404142434445[[#This Row],[Kapacita - rozměr polic]]*IFERROR(VLOOKUP(Tabulka5789101112131415161718192021222324252627282930313233343536373839404142434445[[#This Row],[Označení]],OCHy[#All],2,FALSE),0.6),0) -> 44 | H44: 1 | J44: 74 | K44: deskové hry | L44: 0.5
A45: =IFERROR(VLOOKUP(B45,Pobočky!$A$1:$C$45,3,FALSE)," ") -> 30 | B45: Cibulka | C45: =IFERROR(VLOOKUP(B45,Pobočky!$A$1:$C$45,2,FALSE)," ") -> Jihozápad | D45: CI3-CHFDE | G45: =ROUND(Tabulka5789101112131415161718192021222324252627282930313233343536373839404142434445[[#This Row],[Kapacita - počet polic]]*Tabulka5789101112131415161718192021222324252627282930313233343536373839404142434445[[#This Row],[Kapacita - rozměr polic]]*IFERROR(VLOOKUP(Tabulka5789101112131415161718192021222324252627282930313233343536373839404142434445[[#This Row],[Označení]],OCHy[#All],2,FALSE),0.6),0) -> 15 | H45: 0.5 | J45: 50 | K45: téměř se nevyužívá | L45: 1
A46: =IFERROR(VLOOKUP(B46,Pobočky!$A$1:$C$45,3,FALSE)," ") -> 30 | B46: Cibulka | C46: =IFERROR(VLOOKUP(B46,Pobočky!$A$1:$C$45,2,FALSE)," ") -> Jihozápad | D46: CI3-HRAB | G46: =ROUND(Tabulka5789101112131415161718192021222324252627282930313233343536373839404142434445[[#This Row],[Kapacita - počet polic]]*Tabulka5789101112131415161718192021222324252627282930313233343536373839404142434445[[#This Row],[Kapacita - rozměr polic]]*IFERROR(VLOOKUP(Tabulka5789101112131415161718192021222324252627282930313233343536373839404142434445[[#This Row],[Označení]],OCHy[#All],2,FALSE),0.6),0) -> 178 | H46: 4 | J46: 74 | L46: 0.5
A47: =IFERROR(VLOOKUP(B47,Pobočky!$A$1:$C$45,3,FALSE)," ") -> 30 | B47: Cibulka | C47: =IFERROR(VLOOKUP(B47,Pobočky!$A$1:$C$45,2,FALSE)," ") -> Jihozápad | D47: rezervace | G47: =ROUND(Tabulka5789101112131415161718192021222324252627282930313233343536373839404142434445[[#This Row],[Kapacita - počet polic]]*Tabulka5789101112131415161718192021222324252627282930313233343536373839404142434445[[#This Row],[Kapacita - rozměr polic]]*IFERROR(VLOOKUP(Tabulka5789101112131415161718192021222324252627282930313233343536373839404142434445[[#This Row],[Označení]],OCHy[#All],2,FALSE),0.6),0) -> 180 | H47: 6 | J47: 50 | L47: 0.7
A48: =IFERROR(VLOOKUP(B48,Pobočky!$A$1:$C$45,3,FALSE)," ") -> 30 | B48: Cibulka | C48: =IFERROR(VLOOKUP(B48,Pobočky!$A$1:$C$45,2,FALSE)," ") -> Jihozápad | D48: CI3-VSMS | G48: =ROUND(Tabulka5789101112131415161718192021222324252627282930313233343536373839404142434445[[#This Row],[Kapacita - počet polic]]*Tabulka5789101112131415161718192021222324252627282930313233343536373839404142434445[[#This Row],[Kapacita - rozměr polic]]*IFERROR(VLOOKUP(Tabulka5789101112131415161718192021222324252627282930313233343536373839404142434445[[#This Row],[Označení]],OCHy[#All],2,FALSE),0.6),0) -> 44 | H48: 1 | J48: 74 | L48: 0.5
A49: =IFERROR(VLOOKUP(B49,Pobočky!$A$1:$C$45,3,FALSE)," ") -> 30 | B49: Cibulka | C49: =IFERROR(VLOOKUP(B49,Pobočky!$A$1:$C$45,2,FALSE)," ") -> Jihozápad | D49: CI3-CASDO | G49: =ROUND(Tabulka5789101112131415161718192021222324252627282930313233343536373839404142434445[[#This Row],[Kapacita - počet polic]]*Tabulka5789101112131415161718192021222324252627282930313233343536373839404142434445[[#This Row],[Kapacita - rozměr polic]]*IFERROR(VLOOKUP(Tabulka5789101112131415161718192021222324252627282930313233343536373839404142434445[[#This Row],[Označení]],OCHy[#All],2,FALSE),0.6),0) -> 0 | K49: drátěné stojany a vozík atyp
A50: =IFERROR(VLOOKUP(B50,Pobočky!$A$1:$C$45,3,FALSE)," ") -> 30 | B50: Cibulka | C50: =IFERROR(VLOOKUP(B50,Pobočky!$A$1:$C$45,2,FALSE)," ") -> Jihozápad | D50: CI3-CASDE | G50: =ROUND(Tabulka5789101112131415161718192021222324252627282930313233343536373839404142434445[[#This Row],[Kapacita - počet polic]]*Tabulka5789101112131415161718192021222324252627282930313233343536373839404142434445[[#This Row],[Kapacita - rozměr polic]]*IFERROR(VLOOKUP(Tabulka5789101112131415161718192021222324252627282930313233343536373839404142434445[[#This Row],[Označení]],OCHy[#All],2,FALSE),0.6),0) -> 20 | H50: 1 | J50: 34
A51: =IFERROR(VLOOKUP(B51,Pobočky!$A$1:$C$45,3,FALSE)," ") | C51: =IFERROR(VLOOKUP(B51,Pobočky!$A$1:$C$45,2,FALSE)," ") | G51: =ROUND(Tabulka5789101112131415161718192021222324252627282930313233343536373839404142434445[[#This Row],[Kapacita - počet polic]]*Tabulka5789101112131415161718192021222324252627282930313233343536373839404142434445[[#This Row],[Kapacita - rozměr polic]]*IFERROR(VLOOKUP(Tabulka5789101112131415161718192021222324252627282930313233343536373839404142434445[[#This Row],[Označení]],OCHy[#All],2,FALSE),0.6),0) -> 0
A52: =IFERROR(VLOOKUP(B52,Pobočky!$A$1:$C$45,3,FALSE)," ") | C52: =IFERROR(VLOOKUP(B52,Pobočky!$A$1:$C$45,2,FALSE)," ") | G52: =ROUND(Tabulka5789101112131415161718192021222324252627282930313233343536373839404142434445[[#This Row],[Kapacita - počet polic]]*Tabulka5789101112131415161718192021222324252627282930313233343536373839404142434445[[#This Row],[Kapacita - rozměr polic]]*IFERROR(VLOOKUP(Tabulka5789101112131415161718192021222324252627282930313233343536373839404142434445[[#This Row],[Označení]],OCHy[#All],2,FALSE),0.6),0) -> 0
A53: =IFERROR(VLOOKUP(B53,Pobočky!$A$1:$C$45,3,FALSE)," ") | C53: =IFERROR(VLOOKUP(B53,Pobočky!$A$1:$C$45,2,FALSE)," ") | G53: =ROUND(Tabulka5789101112131415161718192021222324252627282930313233343536373839404142434445[[#This Row],[Kapacita - počet polic]]*Tabulka5789101112131415161718192021222324252627282930313233343536373839404142434445[[#This Row],[Kapacita - rozměr polic]]*IFERROR(VLOOKUP(Tabulka5789101112131415161718192021222324252627282930313233343536373839404142434445[[#This Row],[Označení]],OCHy[#All],2,FALSE),0.6),0) -> 0
A54: =IFERROR(VLOOKUP(B54,Pobočky!$A$1:$C$45,3,FALSE)," ") | C54: =IFERROR(VLOOKUP(B54,Pobočky!$A$1:$C$45,2,FALSE)," ") | G54: =ROUND(Tabulka5789101112131415161718192021222324252627282930313233343536373839404142434445[[#This Row],[Kapacita - počet polic]]*Tabulka5789101112131415161718192021222324252627282930313233343536373839404142434445[[#This Row],[Kapacita - rozměr polic]]*IFERROR(VLOOKUP(Tabulka5789101112131415161718192021222324252627282930313233343536373839404142434445[[#This Row],[Označení]],OCHy[#All],2,FALSE),0.6),0) -> 0
A55: =IFERROR(VLOOKUP(B55,Pobočky!$A$1:$C$45,3,FALSE)," ") | C55: =IFERROR(VLOOKUP(B55,Pobočky!$A$1:$C$45,2,FALSE)," ") | G55: =ROUND(Tabulka5789101112131415161718192021222324252627282930313233343536373839404142434445[[#This Row],[Kapacita - počet polic]]*Tabulka5789101112131415161718192021222324252627282930313233343536373839404142434445[[#This Row],[Kapacita - rozměr polic]]*IFERROR(VLOOKUP(Tabulka5789101112131415161718192021222324252627282930313233343536373839404142434445[[#This Row],[Označení]],OCHy[#All],2,FALSE),0.6),0) -> 0
A56: =IFERROR(VLOOKUP(B56,Pobočky!$A$1:$C$45,3,FALSE)," ") | C56: =IFERROR(VLOOKUP(B56,Pobočky!$A$1:$C$45,2,FALSE)," ") | G56: =ROUND(Tabulka5789101112131415161718192021222324252627282930313233343536373839404142434445[[#This Row],[Kapacita - počet polic]]*Tabulka5789101112131415161718192021222324252627282930313233343536373839404142434445[[#This Row],[Kapacita - rozměr polic]]*IFERROR(VLOOKUP(Tabulka5789101112131415161718192021222324252627282930313233343536373839404142434445[[#This Row],[Označení]],OCHy[#All],2,FALSE),0.6),0) -> 0
A57: =IFERROR(VLOOKUP(B57,Pobočky!$A$1:$C$45,3,FALSE)," ") | C57: =IFERROR(VLOOKUP(B57,Pobočky!$A$1:$C$45,2,FALSE)," ") | G57: =ROUND(Tabulka5789101112131415161718192021222324252627282930313233343536373839404142434445[[#This Row],[Kapacita - počet polic]]*Tabulka5789101112131415161718192021222324252627282930313233343536373839404142434445[[#This Row],[Kapacita - rozměr polic]]*IFERROR(VLOOKUP(Tabulka5789101112131415161718192021222324252627282930313233343536373839404142434445[[#This Row],[Označení]],OCHy[#All],2,FALSE),0.6),0) -> 0
A58: =IFERROR(VLOOKUP(B58,Pobočky!$A$1:$C$45,3,FALSE)," ") | C58: =IFERROR(VLOOKUP(B58,Pobočky!$A$1:$C$45,2,FALSE)," ") | G58: =ROUND(Tabulka5789101112131415161718192021222324252627282930313233343536373839404142434445[[#This Row],[Kapacita - počet polic]]*Tabulka5789101112131415161718192021222324252627282930313233343536373839404142434445[[#This Row],[Kapacita - rozměr polic]]*IFERROR(VLOOKUP(Tabulka5789101112131415161718192021222324252627282930313233343536373839404142434445[[#This Row],[Označení]],OCHy[#All],2,FALSE),0.6),0) -> 0
A59: =IFERROR(VLOOKUP(B59,Pobočky!$A$1:$C$45,3,FALSE)," ") | C59: =IFERROR(VLOOKUP(B59,Pobočky!$A$1:$C$45,2,FALSE)," ") | G59: =ROUND(Tabulka5789101112131415161718192021222324252627282930313233343536373839404142434445[[#This Row],[Kapacita - počet polic]]*Tabulka5789101112131415161718192021222324252627282930313233343536373839404142434445[[#This Row],[Kapacita - rozměr polic]]*IFERROR(VLOOKUP(Tabulka5789101112131415161718192021222324252627282930313233343536373839404142434445[[#This Row],[Označení]],OCHy[#All],2,FALSE),0.6),0) -> 0
A60: =IFERROR(VLOOKUP(B60,Pobočky!$A$1:$C$45,3,FALSE)," ") | C60: =IFERROR(VLOOKUP(B60,Pobočky!$A$1:$C$45,2,FALSE)," ") | G60: =ROUND(Tabulka5789101112131415161718192021222324252627282930313233343536373839404142434445[[#This Row],[Kapacita - počet polic]]*Tabulka5789101112131415161718192021222324252627282930313233343536373839404142434445[[#This Row],[Kapacita - rozměr polic]]*IFERROR(VLOOKUP(Tabulka5789101112131415161718192021222324252627282930313233343536373839404142434445[[#This Row],[Označení]],OCHy[#All],2,FALSE),0.6),0) -> 0
A61: =IFERROR(VLOOKUP(B61,Pobočky!$A$1:$C$45,3,FALSE)," ") | C61: =IFERROR(VLOOKUP(B61,Pobočky!$A$1:$C$45,2,FALSE)," ") | G61: =ROUND(Tabulka5789101112131415161718192021222324252627282930313233343536373839404142434445[[#This Row],[Kapacita - počet polic]]*Tabulka5789101112131415161718192021222324252627282930313233343536373839404142434445[[#This Row],[Kapacita - rozměr polic]]*IFERROR(VLOOKUP(Tabulka5789101112131415161718192021222324252627282930313233343536373839404142434445[[#This Row],[Označení]],OCHy[#All],2,FALSE),0.6),0) -> 0
A62: =IFERROR(VLOOKUP(B62,Pobočky!$A$1:$C$45,3,FALSE)," ") | C62: =IFERROR(VLOOKUP(B62,Pobočky!$A$1:$C$45,2,FALSE)," ") | G62: =ROUND(Tabulka5789101112131415161718192021222324252627282930313233343536373839404142434445[[#This Row],[Kapacita - počet polic]]*Tabulka5789101112131415161718192021222324252627282930313233343536373839404142434445[[#This Row],[Kapacita - rozměr polic]]*IFERROR(VLOOKUP(Tabulka5789101112131415161718192021222324252627282930313233343536373839404142434445[[#This Row],[Označení]],OCHy[#All],2,FALSE),0.6),0) -> 0
... A417: =IFERROR(VLOOKUP(B417,Pobočky!$A$1:$C$45,3,FALSE)," ") | C417: =IFERROR(VLOOKUP(B417,Pobočky!$A$1:$C$45,2,FALSE)," ") | G417: =ROUND(Tabulka5789101112131415161718192021222324252627282930313233343536373839404142434445[[#This Row],[Kapacita - počet polic]]*Tabulka5789101112131415161718192021222324252627282930313233343536373839404142434445[[#This Row],[Kapacita - rozměr polic]]*IFERROR(VLOOKUP(Tabulka5789101112131415161718192021222324252627282930313233343536373839404142434445[[#This Row],[Označení]],OCHy[#All],2,FALSE),0.6),0) -> 0

Sheet Lužiny
A1: Pobočka č. | B1: Pobočka | C1: Oblast | D1: Lokace - systémové označení (Koniáš) | E1: Typ | F1: Označení | G1: Kapacita svazky | H1: Kapacita - počet polic | I1: Kapacita - současný stav | J1: Kapacita - rozměr polic | K1: Poznámka | L1: Jakou byste doporučili ideální naplněnost?
A2: 81 | B2: Lužiny | C2: =IFERROR(VLOOKUP(B2,Pobočky!$A$1:$C$45,2,FALSE)," ") -> Jihozápad | D2: LUZ-BELDO | E2: Beletrie - dospělí | F2: A - BELETRIE VŠEOBECNĚ. | G2: =ROUND(Tabulka578910111213141516171819202122232425262728293031323334353637383940414243444546474849[[#This Row],[Kapacita - počet polic]]*Tabulka578910111213141516171819202122232425262728293031323334353637383940414243444546474849[[#This Row],[Kapacita - rozměr polic]]*IFERROR(VLOOKUP(Tabulka578910111213141516171819202122232425262728293031323334353637383940414243444546474849[[#This Row],[Označení]],OCHy[#All],2,FALSE),0.6),0) -> 3898 | H2: 80 | J2: 87 | L2: 0.7
A3: =IFERROR(VLOOKUP(B3,Pobočky!$A$1:$C$45,3,FALSE)," ") -> 81 | B3: Lužiny | C3: =IFERROR(VLOOKUP(B3,Pobočky!$A$1:$C$45,2,FALSE)," ") -> Jihozápad | D3: LUZ-BELDO | E3: Beletrie - dospělí | F3: A - BELETRIE VŠEOBECNĚ. | G3: =ROUND(Tabulka578910111213141516171819202122232425262728293031323334353637383940414243444546474849[[#This Row],[Kapacita - počet polic]]*Tabulka578910111213141516171819202122232425262728293031323334353637383940414243444546474849[[#This Row],[Kapacita - rozměr polic]]*IFERROR(VLOOKUP(Tabulka578910111213141516171819202122232425262728293031323334353637383940414243444546474849[[#This Row],[Označení]],OCHy[#All],2,FALSE),0.6),0) -> 4536 | H3: 108 | J3: 75 | L3: 0.7
A4: =IFERROR(VLOOKUP(B4,Pobočky!$A$1:$C$45,3,FALSE)," ") -> 81 | B4: Lužiny | C4: =IFERROR(VLOOKUP(B4,Pobočky!$A$1:$C$45,2,FALSE)," ") -> Jihozápad | D4: LUZ-BELDO | E4: Beletrie - dospělí | F4: PISTOLE - detektivky | G4: =ROUND(Tabulka578910111213141516171819202122232425262728293031323334353637383940414243444546474849[[#This Row],[Kapacita - počet polic]]*Tabulka578910111213141516171819202122232425262728293031323334353637383940414243444546474849[[#This Row],[Kapacita - rozměr polic]]*IFERROR(VLOOKUP(Tabulka578910111213141516171819202122232425262728293031323334353637383940414243444546474849[[#This Row],[Označení]],OCHy[#All],2,FALSE),0.6),0) -> 783 | H4: 30 | J4: 87 | L4: 0.7
A5: =IFERROR(VLOOKUP(B5,Pobočky!$A$1:$C$45,3,FALSE)," ") -> 81 | B5: Lužiny | C5: =IFERROR(VLOOKUP(B5,Pobočky!$A$1:$C$45,2,FALSE)," ") -> Jihozápad | D5: LUZ-BELDO | E5: Beletrie - dospělí | F5: B - POEZIE. | G5: =ROUND(Tabulka578910111213141516171819202122232425262728293031323334353637383940414243444546474849[[#This Row],[Kapacita - počet polic]]*Tabulka578910111213141516171819202122232425262728293031323334353637383940414243444546474849[[#This Row],[Kapacita - rozměr polic]]*IFERROR(VLOOKUP(Tabulka578910111213141516171819202122232425262728293031323334353637383940414243444546474849[[#This Row],[Označení]],OCHy[#All],2,FALSE),0.6),0) -> 104 | H5: 2 | J5: 87 | K5: divadelní hry | L5: 0.7
A6: =IFERROR(VLOOKUP(B6,Pobočky!$A$1:$C$45,3,FALSE)," ") -> 81 | B6: Lužiny | C6: =IFERROR(VLOOKUP(B6,Pobočky!$A$1:$C$45,2,FALSE)," ") -> Jihozápad | D6: LUZ-BELDO | E6: Beletrie - dospělí | F6: B - POEZIE. | G6: =ROUND(Tabulka578910111213141516171819202122232425262728293031323334353637383940414243444546474849[[#This Row],[Kapacita - počet polic]]*Tabulka578910111213141516171819202122232425262728293031323334353637383940414243444546474849[[#This Row],[Kapacita - rozměr polic]]*IFERROR(VLOOKUP(Tabulka578910111213141516171819202122232425262728293031323334353637383940414243444546474849[[#This Row],[Označení]],OCHy[#All],2,FALSE),0.6),0) -> 940 | H6: 18 | J6: 87 | L6: 0.7
A7: =IFERROR(VLOOKUP(B7,Pobočky!$A$1:$C$45,3,FALSE)," ") -> 81 | B7: Lužiny | C7: =IFERROR(VLOOKUP(B7,Pobočky!$A$1:$C$45,2,FALSE)," ") -> Jihozápad | D7: LUZ-CIZJAZ | E7: Beletrie - dospělí | F7: E.T. - sci-fi | G7: =ROUND(Tabulka578910111213141516171819202122232425262728293031323334353637383940414243444546474849[[#This Row],[Kapacita - počet polic]]*Tabulka578910111213141516171819202122232425262728293031323334353637383940414243444546474849[[#This Row],[Kapacita - rozměr polic]]*IFERROR(VLOOKUP(Tabulka578910111213141516171819202122232425262728293031323334353637383940414243444546474849[[#This Row],[Označení]],OCHy[#All],2,FALSE),0.6),0) -> 418 | H7: 15 | J7: 87 | L7: 0.7
A8: =IFERROR(VLOOKUP(B8,Pobočky!$A$1:$C$45,3,FALSE)," ") -> 81 | B8: Lužiny | C8: =IFERROR(VLOOKUP(B8,Pobočky!$A$1:$C$45,2,FALSE)," ") -> Jihozápad | D8: LUZ-CIZJAZ | E8: Beletrie - děti | F8: E.T. - sci-fi | G8: =ROUND(Tabulka578910111213141516171819202122232425262728293031323334353637383940414243444546474849[[#This Row],[Kapacita - počet polic]]*Tabulka578910111213141516171819202122232425262728293031323334353637383940414243444546474849[[#This Row],[Kapacita - rozměr polic]]*IFERROR(VLOOKUP(Tabulka578910111213141516171819202122232425262728293031323334353637383940414243444546474849[[#This Row],[Označení]],OCHy[#All],2,FALSE),0.6),0) -> 42 | H8: 1.5 | J8: 87 | K8: A4 | L8: 0.7
A9: =IFERROR(VLOOKUP(B9,Pobočky!$A$1:$C$45,3,FALSE)," ") -> 81 | B9: Lužiny | C9: =IFERROR(VLOOKUP(B9,Pobočky!$A$1:$C$45,2,FALSE)," ") -> Jihozápad | D9: LUZ-CIZJAZ | E9: Beletrie - dospělí | F9: MÁG - fantasy | G9: =ROUND(Tabulka578910111213141516171819202122232425262728293031323334353637383940414243444546474849[[#This Row],[Kapacita - počet polic]]*Tabulka578910111213141516171819202122232425262728293031323334353637383940414243444546474849[[#This Row],[Kapacita - rozměr polic]]*IFERROR(VLOOKUP(Tabulka578910111213141516171819202122232425262728293031323334353637383940414243444546474849[[#This Row],[Označení]],OCHy[#All],2,FALSE),0.6),0) -> 593 | H9: 22 | J9: 87 | L9: 0.7
A10: =IFERROR(VLOOKUP(B10,Pobočky!$A$1:$C$45,3,FALSE)," ") -> 81 | B10: Lužiny | C10: =IFERROR(VLOOKUP(B10,Pobočky!$A$1:$C$45,2,FALSE)," ") -> Jihozápad | D10: LUZ-CIZJAZ | E10: Beletrie - děti | F10: MÁG - fantasy | G10: =ROUND(Tabulka578910111213141516171819202122232425262728293031323334353637383940414243444546474849[[#This Row],[Kapacita - počet polic]]*Tabulka578910111213141516171819202122232425262728293031323334353637383940414243444546474849[[#This Row],[Kapacita - rozměr polic]]*IFERROR(VLOOKUP(Tabulka578910111213141516171819202122232425262728293031323334353637383940414243444546474849[[#This Row],[Označení]],OCHy[#All],2,FALSE),0.6),0) -> 189 | H10: 7 | J10: 87 | K10: A4 | L10: 0.7
A11: =IFERROR(VLOOKUP(B11,Pobočky!$A$1:$C$45,3,FALSE)," ") -> 81 | B11: Lužiny | C11: =IFERROR(VLOOKUP(B11,Pobočky!$A$1:$C$45,2,FALSE)," ") -> Jihozápad | D11: LUZ-CIZJAZ | E11: Beletrie - dospělí | F11: J - CIZOJAZYČNÁ BELETRIE. | G11: =ROUND(Tabulka578910111213141516171819202122232425262728293031323334353637383940414243444546474849[[#This Row],[Kapacita - počet polic]]*Tabulka578910111213141516171819202122232425262728293031323334353637383940414243444546474849[[#This Row],[Kapacita - rozměr polic]]*IFERROR(VLOOKUP(Tabulka578910111213141516171819202122232425262728293031323334353637383940414243444546474849[[#This Row],[Označení]],OCHy[#All],2,FALSE),0.6),0) -> 470 | H11: 15 | J11: 87 | L11: 0.7
A12: =IFERROR(VLOOKUP(B12,Pobočky!$A$1:$C$45,3,FALSE)," ") -> 81 | B12: Lužiny | C12: =IFERROR(VLOOKUP(B12,Pobočky!$A$1:$C$45,2,FALSE)," ") -> Jihozápad | D12: LUZ-CIZJAZ | G12: =ROUND(Tabulka578910111213141516171819202122232425262728293031323334353637383940414243444546474849[[#This Row],[Kapacita - počet polic]]*Tabulka578910111213141516171819202122232425262728293031323334353637383940414243444546474849[[#This Row],[Kapacita - rozměr polic]]*IFERROR(VLOOKUP(Tabulka578910111213141516171819202122232425262728293031323334353637383940414243444546474849[[#This Row],[Označení]],OCHy[#All],2,FALSE),0.6),0) -> 522 | H12: 10 | J12: 87 | K12: AK a JK | L12: 0.5
A13: =IFERROR(VLOOKUP(B13,Pobočky!$A$1:$C$45,3,FALSE)," ") -> 81 | B13: Lužiny | C13: =IFERROR(VLOOKUP(B13,Pobočky!$A$1:$C$45,2,FALSE)," ") -> Jihozápad | D13: LUZ-KOMDO | E13: Beletrie - dospělí | F13: A - BELETRIE VŠEOBECNĚ. | G13: =ROUND(Tabulka578910111213141516171819202122232425262728293031323334353637383940414243444546474849[[#This Row],[Kapacita - počet polic]]*Tabulka578910111213141516171819202122232425262728293031323334353637383940414243444546474849[[#This Row],[Kapacita - rozměr polic]]*IFERROR(VLOOKUP(Tabulka578910111213141516171819202122232425262728293031323334353637383940414243444546474849[[#This Row],[Označení]],OCHy[#All],2,FALSE),0.6),0) -> 487 | H13: 10 | J13: 87 | K13: komiksy pro dospělé | L13: 0.4
A14: =IFERROR(VLOOKUP(B14,Pobočky!$A$1:$C$45,3,FALSE)," ") -> 81 | B14: Lužiny | C14: =IFERROR(VLOOKUP(B14,Pobočky!$A$1:$C$45,2,FALSE)," ") -> Jihozápad | D14: LUZ-KOMDE | E14: Beletrie - děti | F14: A - BELETRIE VŠEOBECNĚ. | G14: =ROUND(Tabulka578910111213141516171819202122232425262728293031323334353637383940414243444546474849[[#This Row],[Kapacita - počet polic]]*Tabulka578910111213141516171819202122232425262728293031323334353637383940414243444546474849[[#This Row],[Kapacita - rozměr polic]]*IFERROR(VLOOKUP(Tabulka578910111213141516171819202122232425262728293031323334353637383940414243444546474849[[#This Row],[Označení]],OCHy[#All],2,FALSE),0.6),0) -> 341 | H14: 7 | J14: 87 | K14: komiksy pro děti | L14: 0.4
A15: =IFERROR(VLOOKUP(B15,Pobočky!$A$1:$C$45,3,FALSE)," ") -> 81 | B15: Lužiny | C15: =IFERROR(VLOOKUP(B15,Pobočky!$A$1:$C$45,2,FALSE)," ") -> Jihozápad | D15: LUZ-DEBEL | E15: Beletrie - děti | F15: A - BELETRIE VŠEOBECNĚ. | G15: =ROUND(Tabulka578910111213141516171819202122232425262728293031323334353637383940414243444546474849[[#This Row],[Kapacita - počet polic]]*Tabulka578910111213141516171819202122232425262728293031323334353637383940414243444546474849[[#This Row],[Kapacita - rozměr polic]]*IFERROR(VLOOKUP(Tabulka578910111213141516171819202122232425262728293031323334353637383940414243444546474849[[#This Row],[Označení]],OCHy[#All],2,FALSE),0.6),0) -> 1559 | H15: 32 | J15: 87 | K15: A4 a A1 | L15: 0.7
A16: =IFERROR(VLOOKUP(B16,Pobočky!$A$1:$C$45,3,FALSE)," ") -> 81 | B16: Lužiny | C16: =IFERROR(VLOOKUP(B16,Pobočky!$A$1:$C$45,2,FALSE)," ") -> Jihozápad | D16: LUZ-DEBEL | E16: Beletrie - děti | F16: A - BELETRIE VŠEOBECNĚ. | G16: =ROUND(Tabulka578910111213141516171819202122232425262728293031323334353637383940414243444546474849[[#This Row],[Kapacita - počet polic]]*Tabulka578910111213141516171819202122232425262728293031323334353637383940414243444546474849[[#This Row],[Kapacita - rozměr polic]]*IFERROR(VLOOKUP(Tabulka578910111213141516171819202122232425262728293031323334353637383940414243444546474849[[#This Row],[Označení]],OCHy[#All],2,FALSE),0.6),0) -> 390 | H16: 8 | J16: 87 | K16: A2 | L16: 0.7
A17: =IFERROR(VLOOKUP(B17,Pobočky!$A$1:$C$45,3,FALSE)," ") -> 81 | B17: Lužiny | C17: =IFERROR(VLOOKUP(B17,Pobočky!$A$1:$C$45,2,FALSE)," ") -> Jihozápad | D17: LUZ-DEBEL | E17: Beletrie - děti | F17: A - BELETRIE VŠEOBECNĚ. | G17: =ROUND(Tabulka578910111213141516171819202122232425262728293031323334353637383940414243444546474849[[#This Row],[Kapacita - počet polic]]*Tabulka578910111213141516171819202122232425262728293031323334353637383940414243444546474849[[#This Row],[Kapacita - rozměr polic]]*IFERROR(VLOOKUP(Tabulka578910111213141516171819202122232425262728293031323334353637383940414243444546474849[[#This Row],[Označení]],OCHy[#All],2,FALSE),0.6),0) -> 94 | H17: 4 | J17: 42 | K17: A2 | L17: 0.7
A18: =IFERROR(VLOOKUP(B18,Pobočky!$A$1:$C$45,3,FALSE)," ") -> 81 | B18: Lužiny | C18: =IFERROR(VLOOKUP(B18,Pobočky!$A$1:$C$45,2,FALSE)," ") -> Jihozápad | D18: LUZ-DEBEL | E18: Beletrie - děti | F18: A - BELETRIE VŠEOBECNĚ. | G18: =ROUND(Tabulka578910111213141516171819202122232425262728293031323334353637383940414243444546474849[[#This Row],[Kapacita - počet polic]]*Tabulka578910111213141516171819202122232425262728293031323334353637383940414243444546474849[[#This Row],[Kapacita - rozměr polic]]*IFERROR(VLOOKUP(Tabulka578910111213141516171819202122232425262728293031323334353637383940414243444546474849[[#This Row],[Označení]],OCHy[#All],2,FALSE),0.6),0) -> 1559 | H18: 32 | J18: 87 | K18: A3 | L18: 0.7
A19: =IFERROR(VLOOKUP(B19,Pobočky!$A$1:$C$45,3,FALSE)," ") -> 81 | B19: Lužiny | C19: =IFERROR(VLOOKUP(B19,Pobočky!$A$1:$C$45,2,FALSE)," ") -> Jihozápad | D19: LUZ-DEBEL | E19: Beletrie - děti | F19: PRINCEZNA - pohádky | G19: =ROUND(Tabulka578910111213141516171819202122232425262728293031323334353637383940414243444546474849[[#This Row],[Kapacita - počet polic]]*Tabulka578910111213141516171819202122232425262728293031323334353637383940414243444546474849[[#This Row],[Kapacita - rozměr polic]]*IFERROR(VLOOKUP(Tabulka578910111213141516171819202122232425262728293031323334353637383940414243444546474849[[#This Row],[Označení]],OCHy[#All],2,FALSE),0.6),0) -> 432 | H19: 8 | J19: 87 | L19: 0.7
A20: =IFERROR(VLOOKUP(B20,Pobočky!$A$1:$C$45,3,FALSE)," ") -> 81 | B20: Lužiny | C20: =IFERROR(VLOOKUP(B20,Pobočky!$A$1:$C$45,2,FALSE)," ") -> Jihozápad | D20: LUZ-DEBEL | E20: Beletrie - děti | F20: DÍVKA - dívčí četba | G20: =ROUND(Tabulka578910111213141516171819202122232425262728293031323334353637383940414243444546474849[[#This Row],[Kapacita - počet polic]]*Tabulka578910111213141516171819202122232425262728293031323334353637383940414243444546474849[[#This Row],[Kapacita - rozměr polic]]*IFERROR(VLOOKUP(Tabulka578910111213141516171819202122232425262728293031323334353637383940414243444546474849[[#This Row],[Označení]],OCHy[#All],2,FALSE),0.6),0) -> 146 | H20: 4 | J20: 87 | L20: 0.7
A21: =IFERROR(VLOOKUP(B21,Pobočky!$A$1:$C$45,3,FALSE)," ") -> 81 | B21: Lužiny | C21: =IFERROR(VLOOKUP(B21,Pobočky!$A$1:$C$45,2,FALSE)," ") -> Jihozápad | D21: LUZ-DEBEL | E21: Beletrie - děti | F21: B - POEZIE. | G21: =ROUND(Tabulka578910111213141516171819202122232425262728293031323334353637383940414243444546474849[[#This Row],[Kapacita - počet polic]]*Tabulka578910111213141516171819202122232425262728293031323334353637383940414243444546474849[[#This Row],[Kapacita - rozměr polic]]*IFERROR(VLOOKUP(Tabulka578910111213141516171819202122232425262728293031323334353637383940414243444546474849[[#This Row],[Označení]],OCHy[#All],2,FALSE),0.6),0) -> 418 | H21: 8 | J21: 87 | L21: 0.7
A22: =IFERROR(VLOOKUP(B22,Pobočky!$A$1:$C$45,3,FALSE)," ") -> 81 | B22: Lužiny | C22: =IFERROR(VLOOKUP(B22,Pobočky!$A$1:$C$45,2,FALSE)," ") -> Jihozápad | D22: LUZ-DEBEL | E22: Beletrie - děti | F22: J - CIZOJAZYČNÁ BELETRIE. | G22: =ROUND(Tabulka578910111213141516171819202122232425262728293031323334353637383940414243444546474849[[#This Row],[Kapacita - počet polic]]*Tabulka578910111213141516171819202122232425262728293031323334353637383940414243444546474849[[#This Row],[Kapacita - rozměr polic]]*IFERROR(VLOOKUP(Tabulka578910111213141516171819202122232425262728293031323334353637383940414243444546474849[[#This Row],[Označení]],OCHy[#All],2,FALSE),0.6),0) -> 125 | H22: 4 | J22: 87 | L22: 0.7
A23: =IFERROR(VLOOKUP(B23,Pobočky!$A$1:$C$45,3,FALSE)," ") -> 81 | B23: Lužiny | C23: =IFERROR(VLOOKUP(B23,Pobočky!$A$1:$C$45,2,FALSE)," ") -> Jihozápad | D23: LUZ-DELEP | E23: Beletrie - děti | F23: A - BELETRIE VŠEOBECNĚ. | G23: =ROUND(Tabulka578910111213141516171819202122232425262728293031323334353637383940414243444546474849[[#This Row],[Kapacita - počet polic]]*Tabulka578910111213141516171819202122232425262728293031323334353637383940414243444546474849[[#This Row],[Kapacita - rozměr polic]]*IFERROR(VLOOKUP(Tabulka578910111213141516171819202122232425262728293031323334353637383940414243444546474849[[#This Row],[Označení]],OCHy[#All],2,FALSE),0.6),0) -> 0 | K23: LEPORELA - atyp hrabátko | L23: 0.5
A24: =IFERROR(VLOOKUP(B24,Pobočky!$A$1:$C$45,3,FALSE)," ") -> 81 | B24: Lužiny | C24: =IFERROR(VLOOKUP(B24,Pobočky!$A$1:$C$45,2,FALSE)," ") -> Jihozápad | D24: LUZ-DENA | E24: Naučná - děti | F24: C - DOMÁCNOST. | G24: =ROUND(Tabulka578910111213141516171819202122232425262728293031323334353637383940414243444546474849[[#This Row],[Kapacita - počet polic]]*Tabulka578910111213141516171819202122232425262728293031323334353637383940414243444546474849[[#This Row],[Kapacita - rozměr polic]]*IFERROR(VLOOKUP(Tabulka578910111213141516171819202122232425262728293031323334353637383940414243444546474849[[#This Row],[Označení]],OCHy[#All],2,FALSE),0.6),0) -> 216 | H24: 4 | J24: 87 | L24: 0.6
A25: =IFERROR(VLOOKUP(B25,Pobočky!$A$1:$C$45,3,FALSE)," ") -> 81 | B25: Lužiny | C25: =IFERROR(VLOOKUP(B25,Pobočky!$A$1:$C$45,2,FALSE)," ") -> Jihozápad | D25: LUZ-DENA | E25: Naučná - děti | F25: D - DĚJINY. DĚJEPIS. | G25: =ROUND(Tabulka578910111213141516171819202122232425262728293031323334353637383940414243444546474849[[#This Row],[Kapacita - počet polic]]*Tabulka578910111213141516171819202122232425262728293031323334353637383940414243444546474849[[#This Row],[Kapacita - rozměr polic]]*IFERROR(VLOOKUP(Tabulka578910111213141516171819202122232425262728293031323334353637383940414243444546474849[[#This Row],[Označení]],OCHy[#All],2,FALSE),0.6),0) -> 198 | H25: 6 | J25: 87 | L25: 0.6
A26: =IFERROR(VLOOKUP(B26,Pobočky!$A$1:$C$45,3,FALSE)," ") -> 81 | B26: Lužiny | C26: =IFERROR(VLOOKUP(B26,Pobočky!$A$1:$C$45,2,FALSE)," ") -> Jihozápad | D26: LUZ-DENA | E26: Naučná - děti | F26: E - ZEMĚPIS. VLASTIVĚDA. ETNOGRAFIE. | G26: =ROUND(Tabulka578910111213141516171819202122232425262728293031323334353637383940414243444546474849[[#This Row],[Kapacita - počet polic]]*Tabulka578910111213141516171819202122232425262728293031323334353637383940414243444546474849[[#This Row],[Kapacita - rozměr polic]]*IFERROR(VLOOKUP(Tabulka578910111213141516171819202122232425262728293031323334353637383940414243444546474849[[#This Row],[Označení]],OCHy[#All],2,FALSE),0.6),0) -> 96 | H26: 2 | J26: 87 | L26: 0.6
A27: =IFERROR(VLOOKUP(B27,Pobočky!$A$1:$C$45,3,FALSE)," ") -> 81 | B27: Lužiny | C27: =IFERROR(VLOOKUP(B27,Pobočky!$A$1:$C$45,2,FALSE)," ") -> Jihozápad | D27: LUZ-DENA | E27: Naučná - děti | F27: K - PŘÍRODNÍ VĚDY. | G27: =ROUND(Tabulka578910111213141516171819202122232425262728293031323334353637383940414243444546474849[[#This Row],[Kapacita - počet polic]]*Tabulka578910111213141516171819202122232425262728293031323334353637383940414243444546474849[[#This Row],[Kapacita - rozměr polic]]*IFERROR(VLOOKUP(Tabulka578910111213141516171819202122232425262728293031323334353637383940414243444546474849[[#This Row],[Označení]],OCHy[#All],2,FALSE),0.6),0) -> 532 | H27: 12 | J27: 87 | L27: 0.6
A28: =IFERROR(VLOOKUP(B28,Pobočky!$A$1:$C$45,3,FALSE)," ") -> 81 | B28: Lužiny | C28: =IFERROR(VLOOKUP(B28,Pobočky!$A$1:$C$45,2,FALSE)," ") -> Jihozápad | D28: LUZ-DENA | E28: Naučná - děti | F28: L - FILOZOFIE. PSYCHOLOGIE. ESTETIKA. ETIKA. LOGIKA. NÁBOŽENSTVÍ. | G28: =ROUND(Tabulka578910111213141516171819202122232425262728293031323334353637383940414243444546474849[[#This Row],[Kapacita - počet polic]]*Tabulka578910111213141516171819202122232425262728293031323334353637383940414243444546474849[[#This Row],[Kapacita - rozměr polic]]*IFERROR(VLOOKUP(Tabulka578910111213141516171819202122232425262728293031323334353637383940414243444546474849[[#This Row],[Označení]],OCHy[#All],2,FALSE),0.6),0) -> 123 | H28: 3 | J28: 87 | L28: 0.6
A29: =IFERROR(VLOOKUP(B29,Pobočky!$A$1:$C$45,3,FALSE)," ") -> 81 | B29: Lužiny | C29: =IFERROR(VLOOKUP(B29,Pobočky!$A$1:$C$45,2,FALSE)," ") -> Jihozápad | D29: LUZ-DENA | E29: Naučná - děti | F29: N - PEDAGOGIKA. ŠKOLSTVÍ. VÝCHOVA. VZDĚLÁVÁNÍ. | G29: =ROUND(Tabulka578910111213141516171819202122232425262728293031323334353637383940414243444546474849[[#This Row],[Kapacita - počet polic]]*Tabulka578910111213141516171819202122232425262728293031323334353637383940414243444546474849[[#This Row],[Kapacita - rozměr polic]]*IFERROR(VLOOKUP(Tabulka578910111213141516171819202122232425262728293031323334353637383940414243444546474849[[#This Row],[Označení]],OCHy[#All],2,FALSE),0.6),0) -> 154 | H29: 3 | J29: 87 | L29: 0.6
A30: =IFERROR(VLOOKUP(B30,Pobočky!$A$1:$C$45,3,FALSE)," ") -> 81 | B30: Lužiny | C30: =IFERROR(VLOOKUP(B30,Pobočky!$A$1:$C$45,2,FALSE)," ") -> Jihozápad | D30: LUZ-DENA | E30: Naučná - děti | F30: P - LÉKAŘSTVÍ A ZDRAVOTNICTVÍ. | G30: =ROUND(Tabulka578910111213141516171819202122232425262728293031323334353637383940414243444546474849[[#This Row],[Kapacita - počet polic]]*Tabulka578910111213141516171819202122232425262728293031323334353637383940414243444546474849[[#This Row],[Kapacita - rozměr polic]]*IFERROR(VLOOKUP(Tabulka578910111213141516171819202122232425262728293031323334353637383940414243444546474849[[#This Row],[Označení]],OCHy[#All],2,FALSE),0.6),0) -> 96 | H30: 2 | J30: 87 | L30: 0.6
A31: =IFERROR(VLOOKUP(B31,Pobočky!$A$1:$C$45,3,FALSE)," ") -> 81 | B31: Lužiny | C31: =IFERROR(VLOOKUP(B31,Pobočky!$A$1:$C$45,2,FALSE)," ") -> Jihozápad | D31: LUZ-DENA | E31: Naučná - děti | F31: R - JAZYKOVĚDA. | G31: =ROUND(Tabulka578910111213141516171819202122232425262728293031323334353637383940414243444546474849[[#This Row],[Kapacita - počet polic]]*Tabulka578910111213141516171819202122232425262728293031323334353637383940414243444546474849[[#This Row],[Kapacita - rozměr polic]]*IFERROR(VLOOKUP(Tabulka578910111213141516171819202122232425262728293031323334353637383940414243444546474849[[#This Row],[Označení]],OCHy[#All],2,FALSE),0.6),0) -> 131 | H31: 3 | J31: 87 | L31: 0.6
A32: =IFERROR(VLOOKUP(B32,Pobočky!$A$1:$C$45,3,FALSE)," ") -> 81 | B32: Lužiny | C32: =IFERROR(VLOOKUP(B32,Pobočky!$A$1:$C$45,2,FALSE)," ") -> Jihozápad | D32: LUZ-DENA | E32: Naučná - děti | F32: S - UMĚNÍ. | G32: =ROUND(Tabulka578910111213141516171819202122232425262728293031323334353637383940414243444546474849[[#This Row],[Kapacita - počet polic]]*Tabulka578910111213141516171819202122232425262728293031323334353637383940414243444546474849[[#This Row],[Kapacita - rozměr polic]]*IFERROR(VLOOKUP(Tabulka578910111213141516171819202122232425262728293031323334353637383940414243444546474849[[#This Row],[Označení]],OCHy[#All],2,FALSE),0.6),0) -> 80 | H32: 2 | J32: 87 | L32: 0.6
A33: =IFERROR(VLOOKUP(B33,Pobočky!$A$1:$C$45,3,FALSE)," ") -> 81 | B33: Lužiny | C33: =IFERROR(VLOOKUP(B33,Pobočky!$A$1:$C$45,2,FALSE)," ") -> Jihozápad | D33: LUZ-DENA | E33: Naučná - děti | F33: T - TECHNIKA. | G33: =ROUND(Tabulka578910111213141516171819202122232425262728293031323334353637383940414243444546474849[[#This Row],[Kapacita - počet polic]]*Tabulka578910111213141516171819202122232425262728293031323334353637383940414243444546474849[[#This Row],[Kapacita - rozměr polic]]*IFERROR(VLOOKUP(Tabulka578910111213141516171819202122232425262728293031323334353637383940414243444546474849[[#This Row],[Označení]],OCHy[#All],2,FALSE),0.6),0) -> 103 | H33: 2 | J33: 87 | L33: 0.6
A34: =IFERROR(VLOOKUP(B34,Pobočky!$A$1:$C$45,3,FALSE)," ") -> 81 | B34: Lužiny | C34: =IFERROR(VLOOKUP(B34,Pobočky!$A$1:$C$45,2,FALSE)," ") -> Jihozápad | D34: LUZ-DENA | E34: Naučná - děti | F34: U - VŠEOBECNÉ ENCYKLOPEDIE. | G34: =ROUND(Tabulka578910111213141516171819202122232425262728293031323334353637383940414243444546474849[[#This Row],[Kapacita - počet polic]]*Tabulka578910111213141516171819202122232425262728293031323334353637383940414243444546474849[[#This Row],[Kapacita - rozměr polic]]*IFERROR(VLOOKUP(Tabulka578910111213141516171819202122232425262728293031323334353637383940414243444546474849[[#This Row],[Označení]],OCHy[#All],2,FALSE),0.6),0) -> 30 | H34: 2 | J34: 87 | L34: 0.6
A35: =IFERROR(VLOOKUP(B35,Pobočky!$A$1:$C$45,3,FALSE)," ") -> 81 | B35: Lužiny | C35: =IFERROR(VLOOKUP(B35,Pobočky!$A$1:$C$45,2,FALSE)," ") -> Jihozápad | D35: LUZ-DENA | E35: Naučná - děti | F35: V - HUDBA. | G35: =ROUND(Tabulka578910111213141516171819202122232425262728293031323334353637383940414243444546474849[[#This Row],[Kapacita - počet polic]]*Tabulka578910111213141516171819202122232425262728293031323334353637383940414243444546474849[[#This Row],[Kapacita - rozměr polic]]*IFERROR(VLOOKUP(Tabulka578910111213141516171819202122232425262728293031323334353637383940414243444546474849[[#This Row],[Označení]],OCHy[#All],2,FALSE),0.6),0) -> 80 | H35: 2 | J35: 87 | L35: 0.6
... A38: =IFERROR(VLOOKUP(B38,Pobočky!$A$1:$C$45,3,FALSE)," ") -> 81 | B38: Lužiny | C38: =IFERROR(VLOOKUP(B38,Pobočky!$A$1:$C$45,2,FALSE)," ") -> Jihozápad | D38: LUZ-DENA | E38: Naučná - děti | F38: Z - ZEMĚDĚLSTVÍ. LESNICTVÍ. MYSLIVOST. | G38: =ROUND(Tabulka578910111213141516171819202122232425262728293031323334353637383940414243444546474849[[#This Row],[Kapacita - počet polic]]*Tabulka578910111213141516171819202122232425262728293031323334353637383940414243444546474849[[#This Row],[Kapacita - rozměr polic]]*IFERROR(VLOOKUP(Tabulka578910111213141516171819202122232425262728293031323334353637383940414243444546474849[[#This Row],[Označení]],OCHy[#All],2,FALSE),0.6),0) -> 117 | H38: 2 | J38: 87 | L38: 0.6
A39: =IFERROR(VLOOKUP(B39,Pobočky!$A$1:$C$45,3,FALSE)," ") -> 81 | B39: Lužiny | C39: =IFERROR(VLOOKUP(B39,Pobočky!$A$1:$C$45,2,FALSE)," ") -> Jihozápad | D39: LUZ-DENA | E39: Naučná - děti | G39: =ROUND(Tabulka578910111213141516171819202122232425262728293031323334353637383940414243444546474849[[#This Row],[Kapacita - počet polic]]*Tabulka578910111213141516171819202122232425262728293031323334353637383940414243444546474849[[#This Row],[Kapacita - rozměr polic]]*IFERROR(VLOOKUP(Tabulka578910111213141516171819202122232425262728293031323334353637383940414243444546474849[[#This Row],[Označení]],OCHy[#All],2,FALSE),0.6),0) -> 52 | H39: 1 | J39: 87 | K39: G, O, W | L39: 0.6
A40: =IFERROR(VLOOKUP(B40,Pobočky!$A$1:$C$45,3,FALSE)," ") -> 81 | B40: Lužiny | C40: =IFERROR(VLOOKUP(B40,Pobočky!$A$1:$C$45,2,FALSE)," ") -> Jihozápad | D40: LUZ-NAUDO | E40: Naučná - dospělí | F40: C - DOMÁCNOST. | G40: =ROUND(Tabulka578910111213141516171819202122232425262728293031323334353637383940414243444546474849[[#This Row],[Kapacita - počet polic]]*Tabulka578910111213141516171819202122232425262728293031323334353637383940414243444546474849[[#This Row],[Kapacita - rozměr polic]]*IFERROR(VLOOKUP(Tabulka578910111213141516171819202122232425262728293031323334353637383940414243444546474849[[#This Row],[Označení]],OCHy[#All],2,FALSE),0.6),0) -> 809 | H40: 15 | J40: 87 | L40: 0.7
A41: =IFERROR(VLOOKUP(B41,Pobočky!$A$1:$C$45,3,FALSE)," ") -> 81 | B41: Lužiny | C41: =IFERROR(VLOOKUP(B41,Pobočky!$A$1:$C$45,2,FALSE)," ") -> Jihozápad | D41: LUZ-NAUDO | E41: Naučná - dospělí | F41: D - DĚJINY. DĚJEPIS. | G41: =ROUND(Tabulka578910111213141516171819202122232425262728293031323334353637383940414243444546474849[[#This Row],[Kapacita - počet polic]]*Tabulka578910111213141516171819202122232425262728293031323334353637383940414243444546474849[[#This Row],[Kapacita - rozměr polic]]*IFERROR(VLOOKUP(Tabulka578910111213141516171819202122232425262728293031323334353637383940414243444546474849[[#This Row],[Označení]],OCHy[#All],2,FALSE),0.6),0) -> 1818 | H41: 55 | J41: 87 | L41: 0.7
A42: =IFERROR(VLOOKUP(B42,Pobočky!$A$1:$C$45,3,FALSE)," ") -> 81 | B42: Lužiny | C42: =IFERROR(VLOOKUP(B42,Pobočky!$A$1:$C$45,2,FALSE)," ") -> Jihozápad | D42: LUZ-NAUDO | E42: Naučná - dospělí | F42: E - ZEMĚPIS. VLASTIVĚDA. ETNOGRAFIE. | G42: =ROUND(Tabulka578910111213141516171819202122232425262728293031323334353637383940414243444546474849[[#This Row],[Kapacita - počet polic]]*Tabulka578910111213141516171819202122232425262728293031323334353637383940414243444546474849[[#This Row],[Kapacita - rozměr polic]]*IFERROR(VLOOKUP(Tabulka578910111213141516171819202122232425262728293031323334353637383940414243444546474849[[#This Row],[Označení]],OCHy[#All],2,FALSE),0.6),0) -> 957 | H42: 20 | J42: 87 | L42: 0.7
A43: =IFERROR(VLOOKUP(B43,Pobočky!$A$1:$C$45,3,FALSE)," ") -> 81 | B43: Lužiny | C43: =IFERROR(VLOOKUP(B43,Pobočky!$A$1:$C$45,2,FALSE)," ") -> Jihozápad | D43: LUZ-NAUDO | E43: Naučná - dospělí | F43: G - SPOLEČENSKÉ VĚDY. | G43: =ROUND(Tabulka578910111213141516171819202122232425262728293031323334353637383940414243444546474849[[#This Row],[Kapacita - počet polic]]*Tabulka578910111213141516171819202122232425262728293031323334353637383940414243444546474849[[#This Row],[Kapacita - rozměr polic]]*IFERROR(VLOOKUP(Tabulka578910111213141516171819202122232425262728293031323334353637383940414243444546474849[[#This Row],[Označení]],OCHy[#All],2,FALSE),0.6),0) -> 1352 | H43: 37 | J43: 87 | L43: 0.7
A44: =IFERROR(VLOOKUP(B44,Pobočky!$A$1:$C$45,3,FALSE)," ") -> 81 | B44: Lužiny | C44: =IFERROR(VLOOKUP(B44,Pobočky!$A$1:$C$45,2,FALSE)," ") -> Jihozápad | D44: LUZ-NAUDO | E44: Naučná - dospělí | F44: K - PŘÍRODNÍ VĚDY. | G44: =ROUND(Tabulka578910111213141516171819202122232425262728293031323334353637383940414243444546474849[[#This Row],[Kapacita - počet polic]]*Tabulka578910111213141516171819202122232425262728293031323334353637383940414243444546474849[[#This Row],[Kapacita - rozměr polic]]*IFERROR(VLOOKUP(Tabulka578910111213141516171819202122232425262728293031323334353637383940414243444546474849[[#This Row],[Označení]],OCHy[#All],2,FALSE),0.6),0) -> 666 | H44: 15 | J44: 87 | L44: 0.7
A45: =IFERROR(VLOOKUP(B45,Pobočky!$A$1:$C$45,3,FALSE)," ") -> 81 | B45: Lužiny | C45: =IFERROR(VLOOKUP(B45,Pobočky!$A$1:$C$45,2,FALSE)," ") -> Jihozápad | D45: LUZ-NAUDO | E45: Naučná - dospělí | F45: L - FILOZOFIE. PSYCHOLOGIE. ESTETIKA. ETIKA. LOGIKA. NÁBOŽENSTVÍ. | G45: =ROUND(Tabulka578910111213141516171819202122232425262728293031323334353637383940414243444546474849[[#This Row],[Kapacita - počet polic]]*Tabulka578910111213141516171819202122232425262728293031323334353637383940414243444546474849[[#This Row],[Kapacita - rozměr polic]]*IFERROR(VLOOKUP(Tabulka578910111213141516171819202122232425262728293031323334353637383940414243444546474849[[#This Row],[Označení]],OCHy[#All],2,FALSE),0.6),0) -> 1636 | H45: 40 | J45: 87 | L45: 0.7
A46: =IFERROR(VLOOKUP(B46,Pobočky!$A$1:$C$45,3,FALSE)," ") -> 81 | B46: Lužiny | C46: =IFERROR(VLOOKUP(B46,Pobočky!$A$1:$C$45,2,FALSE)," ") -> Jihozápad | D46: LUZ-NAUDO | E46: Naučná - dospělí | F46: N - PEDAGOGIKA. ŠKOLSTVÍ. VÝCHOVA. VZDĚLÁVÁNÍ. | G46: =ROUND(Tabulka578910111213141516171819202122232425262728293031323334353637383940414243444546474849[[#This Row],[Kapacita - počet polic]]*Tabulka578910111213141516171819202122232425262728293031323334353637383940414243444546474849[[#This Row],[Kapacita - rozměr polic]]*IFERROR(VLOOKUP(Tabulka578910111213141516171819202122232425262728293031323334353637383940414243444546474849[[#This Row],[Označení]],OCHy[#All],2,FALSE),0.6),0) -> 513 | H46: 10 | J46: 87 | L46: 0.7
A47: =IFERROR(VLOOKUP(B47,Pobočky!$A$1:$C$45,3,FALSE)," ") -> 81 | B47: Lužiny | C47: =IFERROR(VLOOKUP(B47,Pobočky!$A$1:$C$45,2,FALSE)," ") -> Jihozápad | D47: LUZ-NAUDO | E47: Naučná - dospělí | F47: O - PRÁVO. PRÁVNÍ VĚDA. | G47: =ROUND(Tabulka578910111213141516171819202122232425262728293031323334353637383940414243444546474849[[#This Row],[Kapacita - počet polic]]*Tabulka578910111213141516171819202122232425262728293031323334353637383940414243444546474849[[#This Row],[Kapacita - rozměr polic]]*IFERROR(VLOOKUP(Tabulka578910111213141516171819202122232425262728293031323334353637383940414243444546474849[[#This Row],[Označení]],OCHy[#All],2,FALSE),0.6),0) -> 231 | H47: 5 | J47: 87 | L47: 0.7
A48: =IFERROR(VLOOKUP(B48,Pobočky!$A$1:$C$45,3,FALSE)," ") -> 81 | B48: Lužiny | C48: =IFERROR(VLOOKUP(B48,Pobočky!$A$1:$C$45,2,FALSE)," ") -> Jihozápad | D48: LUZ-NAUDO | E48: Naučná - dospělí | F48: P - LÉKAŘSTVÍ A ZDRAVOTNICTVÍ. | G48: =ROUND(Tabulka578910111213141516171819202122232425262728293031323334353637383940414243444546474849[[#This Row],[Kapacita - počet polic]]*Tabulka578910111213141516171819202122232425262728293031323334353637383940414243444546474849[[#This Row],[Kapacita - rozměr polic]]*IFERROR(VLOOKUP(Tabulka578910111213141516171819202122232425262728293031323334353637383940414243444546474849[[#This Row],[Označení]],OCHy[#All],2,FALSE),0.6),0) -> 957 | H48: 20 | J48: 87 | L48: 0.7
A49: =IFERROR(VLOOKUP(B49,Pobočky!$A$1:$C$45,3,FALSE)," ") -> 81 | B49: Lužiny | C49: =IFERROR(VLOOKUP(B49,Pobočky!$A$1:$C$45,2,FALSE)," ") -> Jihozápad | D49: LUZ-NAUDO | E49: Naučná - dospělí | F49: R - JAZYKOVĚDA. | G49: =ROUND(Tabulka578910111213141516171819202122232425262728293031323334353637383940414243444546474849[[#This Row],[Kapacita - počet polic]]*Tabulka578910111213141516171819202122232425262728293031323334353637383940414243444546474849[[#This Row],[Kapacita - rozměr polic]]*IFERROR(VLOOKUP(Tabulka578910111213141516171819202122232425262728293031323334353637383940414243444546474849[[#This Row],[Označení]],OCHy[#All],2,FALSE),0.6),0) -> 348 | H49: 8 | J49: 87 | L49: 0.7
A50: =IFERROR(VLOOKUP(B50,Pobočky!$A$1:$C$45,3,FALSE)," ") -> 81 | B50: Lužiny | C50: =IFERROR(VLOOKUP(B50,Pobočky!$A$1:$C$45,2,FALSE)," ") -> Jihozápad | D50: LUZ-NAUDO | E50: Naučná - dospělí | F50: S - UMĚNÍ. | G50: =ROUND(Tabulka578910111213141516171819202122232425262728293031323334353637383940414243444546474849[[#This Row],[Kapacita - počet polic]]*Tabulka578910111213141516171819202122232425262728293031323334353637383940414243444546474849[[#This Row],[Kapacita - rozměr polic]]*IFERROR(VLOOKUP(Tabulka578910111213141516171819202122232425262728293031323334353637383940414243444546474849[[#This Row],[Označení]],OCHy[#All],2,FALSE),0.6),0) -> 800 | H50: 20 | J50: 87 | L50: 0.7
A51: =IFERROR(VLOOKUP(B51,Pobočky!$A$1:$C$45,3,FALSE)," ") -> 81 | B51: Lužiny | C51: =IFERROR(VLOOKUP(B51,Pobočky!$A$1:$C$45,2,FALSE)," ") -> Jihozápad | D51: LUZ-NAUDO | E51: Naučná - dospělí | F51: T - TECHNIKA. | G51: =ROUND(Tabulka578910111213141516171819202122232425262728293031323334353637383940414243444546474849[[#This Row],[Kapacita - počet polic]]*Tabulka578910111213141516171819202122232425262728293031323334353637383940414243444546474849[[#This Row],[Kapacita - rozměr polic]]*IFERROR(VLOOKUP(Tabulka578910111213141516171819202122232425262728293031323334353637383940414243444546474849[[#This Row],[Označení]],OCHy[#All],2,FALSE),0.6),0) -> 257 | H51: 5 | J51: 87 | L51: 0.7
... A56: =IFERROR(VLOOKUP(B56,Pobočky!$A$1:$C$45,3,FALSE)," ") -> 81 | B56: Lužiny | C56: =IFERROR(VLOOKUP(B56,Pobočky!$A$1:$C$45,2,FALSE)," ") -> Jihozápad | D56: LUZ-NAUDO | E56: Naučná - dospělí | F56: Z - ZEMĚDĚLSTVÍ. LESNICTVÍ. MYSLIVOST. | G56: =ROUND(Tabulka578910111213141516171819202122232425262728293031323334353637383940414243444546474849[[#This Row],[Kapacita - počet polic]]*Tabulka578910111213141516171819202122232425262728293031323334353637383940414243444546474849[[#This Row],[Kapacita - rozměr polic]]*IFERROR(VLOOKUP(Tabulka578910111213141516171819202122232425262728293031323334353637383940414243444546474849[[#This Row],[Označení]],OCHy[#All],2,FALSE),0.6),0) -> 583 | H56: 10 | J56: 87 | L56: 0.7
A57: =IFERROR(VLOOKUP(B57,Pobočky!$A$1:$C$45,3,FALSE)," ") -> 81 | B57: Lužiny | C57: =IFERROR(VLOOKUP(B57,Pobočky!$A$1:$C$45,2,FALSE)," ") -> Jihozápad | D57: LUZ-HRAB | G57: =ROUND(Tabulka578910111213141516171819202122232425262728293031323334353637383940414243444546474849[[#This Row],[Kapacita - počet polic]]*Tabulka578910111213141516171819202122232425262728293031323334353637383940414243444546474849[[#This Row],[Kapacita - rozměr polic]]*IFERROR(VLOOKUP(Tabulka578910111213141516171819202122232425262728293031323334353637383940414243444546474849[[#This Row],[Označení]],OCHy[#All],2,FALSE),0.6),0) -> 1044 | H57: 20 | J57: 87 | L57: 0.5
A58: =IFERROR(VLOOKUP(B58,Pobočky!$A$1:$C$45,3,FALSE)," ") -> 81 | B58: Lužiny | C58: =IFERROR(VLOOKUP(B58,Pobočky!$A$1:$C$45,2,FALSE)," ") -> Jihozápad | D58: REZERVACE | G58: =ROUND(Tabulka578910111213141516171819202122232425262728293031323334353637383940414243444546474849[[#This Row],[Kapacita - počet polic]]*Tabulka578910111213141516171819202122232425262728293031323334353637383940414243444546474849[[#This Row],[Kapacita - rozměr polic]]*IFERROR(VLOOKUP(Tabulka578910111213141516171819202122232425262728293031323334353637383940414243444546474849[[#This Row],[Označení]],OCHy[#All],2,FALSE),0.6),0) -> 1044 | H58: 20 | J58: 87 | L58: 0.7
A59: =IFERROR(VLOOKUP(B59,Pobočky!$A$1:$C$45,3,FALSE)," ") -> 81 | B59: Lužiny | C59: =IFERROR(VLOOKUP(B59,Pobočky!$A$1:$C$45,2,FALSE)," ") -> Jihozápad | D59: LUZ-DOPOR | G59: =ROUND(Tabulka578910111213141516171819202122232425262728293031323334353637383940414243444546474849[[#This Row],[Kapacita - počet polic]]*Tabulka578910111213141516171819202122232425262728293031323334353637383940414243444546474849[[#This Row],[Kapacita - rozměr polic]]*IFERROR(VLOOKUP(Tabulka578910111213141516171819202122232425262728293031323334353637383940414243444546474849[[#This Row],[Označení]],OCHy[#All],2,FALSE),0.6),0) -> 3132 | H59: 60 | J59: 87 | K59: navíc stěna a válec | L59: 0.5
A60: =IFERROR(VLOOKUP(B60,Pobočky!$A$1:$C$45,3,FALSE)," ") -> 81 | B60: Lužiny | C60: =IFERROR(VLOOKUP(B60,Pobočky!$A$1:$C$45,2,FALSE)," ") -> Jihozápad | D60: LUZ-DOPORD | G60: =ROUND(Tabulka578910111213141516171819202122232425262728293031323334353637383940414243444546474849[[#This Row],[Kapacita - počet polic]]*Tabulka578910111213141516171819202122232425262728293031323334353637383940414243444546474849[[#This Row],[Kapacita - rozměr polic]]*IFERROR(VLOOKUP(Tabulka578910111213141516171819202122232425262728293031323334353637383940414243444546474849[[#This Row],[Označení]],OCHy[#All],2,FALSE),0.6),0) -> 1253 | H60: 24 | J60: 87 | L60: 0.5
A61: =IFERROR(VLOOKUP(B61,Pobočky!$A$1:$C$45,3,FALSE)," ") -> 81 | B61: Lužiny | C61: =IFERROR(VLOOKUP(B61,Pobočky!$A$1:$C$45,2,FALSE)," ") -> Jihozápad | D61: LUZ-VSMS | G61: =ROUND(Tabulka578910111213141516171819202122232425262728293031323334353637383940414243444546474849[[#This Row],[Kapacita - počet polic]]*Tabulka578910111213141516171819202122232425262728293031323334353637383940414243444546474849[[#This Row],[Kapacita - rozměr polic]]*IFERROR(VLOOKUP(Tabulka578910111213141516171819202122232425262728293031323334353637383940414243444546474849[[#This Row],[Označení]],OCHy[#All],2,FALSE),0.6),0) -> 0 | K61: hrabátko
A62: =IFERROR(VLOOKUP(B62,Pobočky!$A$1:$C$45,3,FALSE)," ") -> 81 | B62: Lužiny | C62: =IFERROR(VLOOKUP(B62,Pobočky!$A$1:$C$45,2,FALSE)," ") -> Jihozápad | D62: LUZ-MAPY | G62: =ROUND(Tabulka578910111213141516171819202122232425262728293031323334353637383940414243444546474849[[#This Row],[Kapacita - počet polic]]*Tabulka578910111213141516171819202122232425262728293031323334353637383940414243444546474849[[#This Row],[Kapacita - rozměr polic]]*IFERROR(VLOOKUP(Tabulka578910111213141516171819202122232425262728293031323334353637383940414243444546474849[[#This Row],[Označení]],OCHy[#All],2,FALSE),0.6),0) -> 0 | K62: hrabátko
A63: =IFERROR(VLOOKUP(B63,Pobočky!$A$1:$C$45,3,FALSE)," ") -> 81 | B63: Lužiny | C63: =IFERROR(VLOOKUP(B63,Pobočky!$A$1:$C$45,2,FALSE)," ") -> Jihozápad | D63: LUZ-DETCAS | G63: =ROUND(Tabulka578910111213141516171819202122232425262728293031323334353637383940414243444546474849[[#This Row],[Kapacita - počet polic]]*Tabulka578910111213141516171819202122232425262728293031323334353637383940414243444546474849[[#This Row],[Kapacita - rozměr polic]]*IFERROR(VLOOKUP(Tabulka578910111213141516171819202122232425262728293031323334353637383940414243444546474849[[#This Row],[Označení]],OCHy[#All],2,FALSE),0.6),0) -> 0
A64: =IFERROR(VLOOKUP(B64,Pobočky!$A$1:$C$45,3,FALSE)," ") -> 81 | B64: Lužiny | C64: =IFERROR(VLOOKUP(B64,Pobočky!$A$1:$C$45,2,FALSE)," ") -> Jihozápad | D64: LUZ-BELCAS | G64: =ROUND(Tabulka578910111213141516171819202122232425262728293031323334353637383940414243444546474849[[#This Row],[Kapacita - počet polic]]*Tabulka578910111213141516171819202122232425262728293031323334353637383940414243444546474849[[#This Row],[Kapacita - rozměr polic]]*IFERROR(VLOOKUP(Tabulka578910111213141516171819202122232425262728293031323334353637383940414243444546474849[[#This Row],[Označení]],OCHy[#All],2,FALSE),0.6),0) -> 104 | H64: 2 | J64: 87 | K64: časopisy v beletrii
A65: =IFERROR(VLOOKUP(B65,Pobočky!$A$1:$C$45,3,FALSE)," ") -> 81 | B65: Lužiny | C65: =IFERROR(VLOOKUP(B65,Pobočky!$A$1:$C$45,2,FALSE)," ") -> Jihozápad | D65: LUZ-NAUCAS | G65: =ROUND(Tabulka578910111213141516171819202122232425262728293031323334353637383940414243444546474849[[#This Row],[Kapacita - počet polic]]*Tabulka578910111213141516171819202122232425262728293031323334353637383940414243444546474849[[#This Row],[Kapacita - rozměr polic]]*IFERROR(VLOOKUP(Tabulka578910111213141516171819202122232425262728293031323334353637383940414243444546474849[[#This Row],[Označení]],OCHy[#All],2,FALSE),0.6),0) -> 313 | H65: 6 | J65: 87 | K65: časopisy v naučné literatuře
A66: =IFERROR(VLOOKUP(B66,Pobočky!$A$1:$C$45,3,FALSE)," ") -> 81 | B66: Lužiny | C66: =IFERROR(VLOOKUP(B66,Pobočky!$A$1:$C$45,2,FALSE)," ") -> Jihozápad | D66: LUZ-YA | G66: =ROUND(Tabulka578910111213141516171819202122232425262728293031323334353637383940414243444546474849[[#This Row],[Kapacita - počet polic]]*Tabulka578910111213141516171819202122232425262728293031323334353637383940414243444546474849[[#This Row],[Kapacita - rozměr polic]]*IFERROR(VLOOKUP(Tabulka578910111213141516171819202122232425262728293031323334353637383940414243444546474849[[#This Row],[Označení]],OCHy[#All],2,FALSE),0.6),0) -> 835 | H66: 16 | J66: 87 | K66: Young Adult - doporučujeme | L66: 0.5
A67: =IFERROR(VLOOKUP(B67,Pobočky!$A$1:$C$45,3,FALSE)," ") -> 81 | B67: Lužiny | C67: =IFERROR(VLOOKUP(B67,Pobočky!$A$1:$C$45,2,FALSE)," ") -> Jihozápad | D67: LUZ-YA | G67: =ROUND(Tabulka578910111213141516171819202122232425262728293031323334353637383940414243444546474849[[#This Row],[Kapacita - počet polic]]*Tabulka578910111213141516171819202122232425262728293031323334353637383940414243444546474849[[#This Row],[Kapacita - rozměr polic]]*IFERROR(VLOOKUP(Tabulka578910111213141516171819202122232425262728293031323334353637383940414243444546474849[[#This Row],[Označení]],OCHy[#All],2,FALSE),0.6),0) -> 101 | H67: 4 | J67: 42 | K67: Young Adult - doporučujeme | L67: 0.5
A68: =IFERROR(VLOOKUP(B68,Pobočky!$A$1:$C$45,3,FALSE)," ") | C68: =IFERROR(VLOOKUP(B68,Pobočky!$A$1:$C$45,2,FALSE)," ") | G68: =ROUND(Tabulka578910111213141516171819202122232425262728293031323334353637383940414243444546474849[[#This Row],[Kapacita - počet polic]]*Tabulka578910111213141516171819202122232425262728293031323334353637383940414243444546474849[[#This Row],[Kapacita - rozměr polic]]*IFERROR(VLOOKUP(Tabulka578910111213141516171819202122232425262728293031323334353637383940414243444546474849[[#This Row],[Označení]],OCHy[#All],2,FALSE),0.6),0) -> 0
A69: =IFERROR(VLOOKUP(B69,Pobočky!$A$1:$C$45,3,FALSE)," ") | C69: =IFERROR(VLOOKUP(B69,Pobočky!$A$1:$C$45,2,FALSE)," ") | G69: =ROUND(Tabulka578910111213141516171819202122232425262728293031323334353637383940414243444546474849[[#This Row],[Kapacita - počet polic]]*Tabulka578910111213141516171819202122232425262728293031323334353637383940414243444546474849[[#This Row],[Kapacita - rozměr polic]]*IFERROR(VLOOKUP(Tabulka578910111213141516171819202122232425262728293031323334353637383940414243444546474849[[#This Row],[Označení]],OCHy[#All],2,FALSE),0.6),0) -> 0
A70: =IFERROR(VLOOKUP(B70,Pobočky!$A$1:$C$45,3,FALSE)," ") | C70: =IFERROR(VLOOKUP(B70,Pobočky!$A$1:$C$45,2,FALSE)," ") | G70: =ROUND(Tabulka578910111213141516171819202122232425262728293031323334353637383940414243444546474849[[#This Row],[Kapacita - počet polic]]*Tabulka578910111213141516171819202122232425262728293031323334353637383940414243444546474849[[#This Row],[Kapacita - rozměr polic]]*IFERROR(VLOOKUP(Tabulka578910111213141516171819202122232425262728293031323334353637383940414243444546474849[[#This Row],[Označení]],OCHy[#All],2,FALSE),0.6),0) -> 0
A71: =IFERROR(VLOOKUP(B71,Pobočky!$A$1:$C$45,3,FALSE)," ") | C71: =IFERROR(VLOOKUP(B71,Pobočky!$A$1:$C$45,2,FALSE)," ") | G71: =ROUND(Tabulka578910111213141516171819202122232425262728293031323334353637383940414243444546474849[[#This Row],[Kapacita - počet polic]]*Tabulka578910111213141516171819202122232425262728293031323334353637383940414243444546474849[[#This Row],[Kapacita - rozměr polic]]*IFERROR(VLOOKUP(Tabulka578910111213141516171819202122232425262728293031323334353637383940414243444546474849[[#This Row],[Označení]],OCHy[#All],2,FALSE),0.6),0) -> 0
A72: =IFERROR(VLOOKUP(B72,Pobočky!$A$1:$C$45,3,FALSE)," ") | C72: =IFERROR(VLOOKUP(B72,Pobočky!$A$1:$C$45,2,FALSE)," ") | G72: =ROUND(Tabulka578910111213141516171819202122232425262728293031323334353637383940414243444546474849[[#This Row],[Kapacita - počet polic]]*Tabulka578910111213141516171819202122232425262728293031323334353637383940414243444546474849[[#This Row],[Kapacita - rozměr polic]]*IFERROR(VLOOKUP(Tabulka578910111213141516171819202122232425262728293031323334353637383940414243444546474849[[#This Row],[Označení]],OCHy[#All],2,FALSE),0.6),0) -> 0
A73: =IFERROR(VLOOKUP(B73,Pobočky!$A$1:$C$45,3,FALSE)," ") | C73: =IFERROR(VLOOKUP(B73,Pobočky!$A$1:$C$45,2,FALSE)," ") | G73: =ROUND(Tabulka578910111213141516171819202122232425262728293031323334353637383940414243444546474849[[#This Row],[Kapacita - počet polic]]*Tabulka578910111213141516171819202122232425262728293031323334353637383940414243444546474849[[#This Row],[Kapacita - rozměr polic]]*IFERROR(VLOOKUP(Tabulka578910111213141516171819202122232425262728293031323334353637383940414243444546474849[[#This Row],[Označení]],OCHy[#All],2,FALSE),0.6),0) -> 0
A74: =IFERROR(VLOOKUP(B74,Pobočky!$A$1:$C$45,3,FALSE)," ") | C74: =IFERROR(VLOOKUP(B74,Pobočky!$A$1:$C$45,2,FALSE)," ") | G74: =ROUND(Tabulka578910111213141516171819202122232425262728293031323334353637383940414243444546474849[[#This Row],[Kapacita - počet polic]]*Tabulka578910111213141516171819202122232425262728293031323334353637383940414243444546474849[[#This Row],[Kapacita - rozměr polic]]*IFERROR(VLOOKUP(Tabulka578910111213141516171819202122232425262728293031323334353637383940414243444546474849[[#This Row],[Označení]],OCHy[#All],2,FALSE),0.6),0) -> 0
A75: =IFERROR(VLOOKUP(B75,Pobočky!$A$1:$C$45,3,FALSE)," ") | C75: =IFERROR(VLOOKUP(B75,Pobočky!$A$1:$C$45,2,FALSE)," ") | G75: =ROUND(Tabulka578910111213141516171819202122232425262728293031323334353637383940414243444546474849[[#This Row],[Kapacita - počet polic]]*Tabulka578910111213141516171819202122232425262728293031323334353637383940414243444546474849[[#This Row],[Kapacita - rozměr polic]]*IFERROR(VLOOKUP(Tabulka578910111213141516171819202122232425262728293031323334353637383940414243444546474849[[#This Row],[Označení]],OCHy[#All],2,FALSE),0.6),0) -> 0
A76: =IFERROR(VLOOKUP(B76,Pobočky!$A$1:$C$45,3,FALSE)," ") | C76: =IFERROR(VLOOKUP(B76,Pobočky!$A$1:$C$45,2,FALSE)," ") | G76: =ROUND(Tabulka578910111213141516171819202122232425262728293031323334353637383940414243444546474849[[#This Row],[Kapacita - počet polic]]*Tabulka578910111213141516171819202122232425262728293031323334353637383940414243444546474849[[#This Row],[Kapacita - rozměr polic]]*IFERROR(VLOOKUP(Tabulka578910111213141516171819202122232425262728293031323334353637383940414243444546474849[[#This Row],[Označení]],OCHy[#All],2,FALSE),0.6),0) -> 0
A77: =IFERROR(VLOOKUP(B77,Pobočky!$A$1:$C$45,3,FALSE)," ") | C77: =IFERROR(VLOOKUP(B77,Pobočky!$A$1:$C$45,2,FALSE)," ") | G77: =ROUND(Tabulka578910111213141516171819202122232425262728293031323334353637383940414243444546474849[[#This Row],[Kapacita - počet polic]]*Tabulka578910111213141516171819202122232425262728293031323334353637383940414243444546474849[[#This Row],[Kapacita - rozměr polic]]*IFERROR(VLOOKUP(Tabulka578910111213141516171819202122232425262728293031323334353637383940414243444546474849[[#This Row],[Označení]],OCHy[#All],2,FALSE),0.6),0) -> 0
A78: =IFERROR(VLOOKUP(B78,Pobočky!$A$1:$C$45,3,FALSE)," ") | C78: =IFERROR(VLOOKUP(B78,Pobočky!$A$1:$C$45,2,FALSE)," ") | G78: =ROUND(Tabulka578910111213141516171819202122232425262728293031323334353637383940414243444546474849[[#This Row],[Kapacita - počet polic]]*Tabulka578910111213141516171819202122232425262728293031323334353637383940414243444546474849[[#This Row],[Kapacita - rozměr polic]]*IFERROR(VLOOKUP(Tabulka578910111213141516171819202122232425262728293031323334353637383940414243444546474849[[#This Row],[Označení]],OCHy[#All],2,FALSE),0.6),0) -> 0
A79: =IFERROR(VLOOKUP(B79,Pobočky!$A$1:$C$45,3,FALSE)," ") | C79: =IFERROR(VLOOKUP(B79,Pobočky!$A$1:$C$45,2,FALSE)," ") | G79: =ROUND(Tabulka578910111213141516171819202122232425262728293031323334353637383940414243444546474849[[#This Row],[Kapacita - počet polic]]*Tabulka578910111213141516171819202122232425262728293031323334353637383940414243444546474849[[#This Row],[Kapacita - rozměr polic]]*IFERROR(VLOOKUP(Tabulka578910111213141516171819202122232425262728293031323334353637383940414243444546474849[[#This Row],[Označení]],OCHy[#All],2,FALSE),0.6),0) -> 0
... A417: =IFERROR(VLOOKUP(B417,Pobočky!$A$1:$C$45,3,FALSE)," ") | C417: =IFERROR(VLOOKUP(B417,Pobočky!$A$1:$C$45,2,FALSE)," ") | G417: =ROUND(Tabulka578910111213141516171819202122232425262728293031323334353637383940414243444546474849[[#This Row],[Kapacita - počet polic]]*Tabulka578910111213141516171819202122232425262728293031323334353637383940414243444546474849[[#This Row],[Kapacita - rozměr polic]]*IFERROR(VLOOKUP(Tabulka578910111213141516171819202122232425262728293031323334353637383940414243444546474849[[#This Row],[Označení]],OCHy[#All],2,FALSE),0.6),0) -> 0

Sheet Ostrovského
A1: Pobočka č. | B1: Pobočka | C1: Oblast | D1: Lokace - systémové označení (Koniáš) | E1: Typ | F1: Označení | G1: Kapacita svazky | H1: Kapacita - počet polic | I1: Kapacita - současný stav | J1: Kapacita - rozměr polic | K1: Poznámka | L1: Jakou byste doporučili ideální naplněnost?
A2: =IFERROR(VLOOKUP(B2,Pobočky!$A$1:$C$45,3,FALSE)," ") -> 48 | B2: Ostrovského | C2: =IFERROR(VLOOKUP(B2,Pobočky!$A$1:$C$45,2,FALSE)," ") -> Jihozápad | D2: OSV-BELDE | E2: Beletrie - děti | F2: A - BELETRIE VŠEOBECNĚ. | G2: =ROUND(Tabulka57891011121314151617181920212223242526272829303132333435363738394041424344454647[[#This Row],[Kapacita - počet polic]]*Tabulka57891011121314151617181920212223242526272829303132333435363738394041424344454647[[#This Row],[Kapacita - rozměr polic]]*IFERROR(VLOOKUP(Tabulka57891011121314151617181920212223242526272829303132333435363738394041424344454647[[#This Row],[Označení]],OCHy[#All],2,FALSE),0.6),0) -> 1021 | H2: 24 | J2: 76 | K2: A4; A1+dívka+sci-fi+fantasy=počtem z A4 | L2: 0.7
A3: =IFERROR(VLOOKUP(B3,Pobočky!$A$1:$C$45,3,FALSE)," ") -> 48 | B3: Ostrovského | C3: =IFERROR(VLOOKUP(B3,Pobočky!$A$1:$C$45,2,FALSE)," ") -> Jihozápad | D3: OSV-BELDE | E3: Beletrie - děti | F3: A - BELETRIE VŠEOBECNĚ. | G3: =ROUND(Tabulka57891011121314151617181920212223242526272829303132333435363738394041424344454647[[#This Row],[Kapacita - počet polic]]*Tabulka57891011121314151617181920212223242526272829303132333435363738394041424344454647[[#This Row],[Kapacita - rozměr polic]]*IFERROR(VLOOKUP(Tabulka57891011121314151617181920212223242526272829303132333435363738394041424344454647[[#This Row],[Označení]],OCHy[#All],2,FALSE),0.6),0) -> 170 | H3: 4 | J3: 76 | K3: A2 | L3: 0.7
A4: =IFERROR(VLOOKUP(B4,Pobočky!$A$1:$C$45,3,FALSE)," ") -> 48 | B4: Ostrovského | C4: =IFERROR(VLOOKUP(B4,Pobočky!$A$1:$C$45,2,FALSE)," ") -> Jihozápad | D4: OSV-BELDE | E4: Beletrie - děti | F4: A - BELETRIE VŠEOBECNĚ. | G4: =ROUND(Tabulka57891011121314151617181920212223242526272829303132333435363738394041424344454647[[#This Row],[Kapacita - počet polic]]*Tabulka57891011121314151617181920212223242526272829303132333435363738394041424344454647[[#This Row],[Kapacita - rozměr polic]]*IFERROR(VLOOKUP(Tabulka57891011121314151617181920212223242526272829303132333435363738394041424344454647[[#This Row],[Označení]],OCHy[#All],2,FALSE),0.6),0) -> 553 | H4: 13 | J4: 76 | K4: A3; princezna počtem z A2 aA3 | L4: 0.7
A5: =IFERROR(VLOOKUP(B5,Pobočky!$A$1:$C$45,3,FALSE)," ") -> 48 | B5: Ostrovského | C5: =IFERROR(VLOOKUP(B5,Pobočky!$A$1:$C$45,2,FALSE)," ") -> Jihozápad | D5: OSV-BELDE | E5: Beletrie - děti | F5: B - POEZIE. | G5: =ROUND(Tabulka57891011121314151617181920212223242526272829303132333435363738394041424344454647[[#This Row],[Kapacita - počet polic]]*Tabulka57891011121314151617181920212223242526272829303132333435363738394041424344454647[[#This Row],[Kapacita - rozměr polic]]*IFERROR(VLOOKUP(Tabulka57891011121314151617181920212223242526272829303132333435363738394041424344454647[[#This Row],[Označení]],OCHy[#All],2,FALSE),0.6),0) -> 182 | H5: 4 | J5: 76 | L5: 0.7
A6: =IFERROR(VLOOKUP(B6,Pobočky!$A$1:$C$45,3,FALSE)," ") -> 48 | B6: Ostrovského | C6: =IFERROR(VLOOKUP(B6,Pobočky!$A$1:$C$45,2,FALSE)," ") -> Jihozápad | D6: OSV-BELDE | E6: Beletrie - děti | F6: J - CIZOJAZYČNÁ BELETRIE. | G6: =ROUND(Tabulka57891011121314151617181920212223242526272829303132333435363738394041424344454647[[#This Row],[Kapacita - počet polic]]*Tabulka57891011121314151617181920212223242526272829303132333435363738394041424344454647[[#This Row],[Kapacita - rozměr polic]]*IFERROR(VLOOKUP(Tabulka57891011121314151617181920212223242526272829303132333435363738394041424344454647[[#This Row],[Označení]],OCHy[#All],2,FALSE),0.6),0) -> 41 | H6: 1.5 | J6: 76 | K6: J4 | L6: 0.7
A7: =IFERROR(VLOOKUP(B7,Pobočky!$A$1:$C$45,3,FALSE)," ") -> 48 | B7: Ostrovského | C7: =IFERROR(VLOOKUP(B7,Pobočky!$A$1:$C$45,2,FALSE)," ") -> Jihozápad | D7: OSV-BELDE | E7: Beletrie - děti | F7: J - CIZOJAZYČNÁ BELETRIE. | G7: =ROUND(Tabulka57891011121314151617181920212223242526272829303132333435363738394041424344454647[[#This Row],[Kapacita - počet polic]]*Tabulka57891011121314151617181920212223242526272829303132333435363738394041424344454647[[#This Row],[Kapacita - rozměr polic]]*IFERROR(VLOOKUP(Tabulka57891011121314151617181920212223242526272829303132333435363738394041424344454647[[#This Row],[Označení]],OCHy[#All],2,FALSE),0.6),0) -> 14 | H7: 0.5 | J7: 76 | K7: J ostatní | L7: 0.7
A8: =IFERROR(VLOOKUP(B8,Pobočky!$A$1:$C$45,3,FALSE)," ") -> 48 | B8: Ostrovského | C8: =IFERROR(VLOOKUP(B8,Pobočky!$A$1:$C$45,2,FALSE)," ") -> Jihozápad | D8: OSV-LEPOR | E8: Beletrie - děti | F8: A - BELETRIE VŠEOBECNĚ. | G8: =ROUND(Tabulka57891011121314151617181920212223242526272829303132333435363738394041424344454647[[#This Row],[Kapacita - počet polic]]*Tabulka57891011121314151617181920212223242526272829303132333435363738394041424344454647[[#This Row],[Kapacita - rozměr polic]]*IFERROR(VLOOKUP(Tabulka57891011121314151617181920212223242526272829303132333435363738394041424344454647[[#This Row],[Označení]],OCHy[#All],2,FALSE),0.6),0) -> 0 | K8: hrabátka atyp | L8: 0.7
A9: =IFERROR(VLOOKUP(B9,Pobočky!$A$1:$C$45,3,FALSE)," ") -> 48 | B9: Ostrovského | C9: =IFERROR(VLOOKUP(B9,Pobočky!$A$1:$C$45,2,FALSE)," ") -> Jihozápad | D9: OSV-KOMDE | E9: Beletrie - děti | F9: A - BELETRIE VŠEOBECNĚ. | G9: =ROUND(Tabulka57891011121314151617181920212223242526272829303132333435363738394041424344454647[[#This Row],[Kapacita - počet polic]]*Tabulka57891011121314151617181920212223242526272829303132333435363738394041424344454647[[#This Row],[Kapacita - rozměr polic]]*IFERROR(VLOOKUP(Tabulka57891011121314151617181920212223242526272829303132333435363738394041424344454647[[#This Row],[Označení]],OCHy[#All],2,FALSE),0.6),0) -> 144 | H9: 3 | J9: 86 | K9: komiksy děti | L9: 0.4
A10: =IFERROR(VLOOKUP(B10,Pobočky!$A$1:$C$45,3,FALSE)," ") -> 48 | B10: Ostrovského | C10: =IFERROR(VLOOKUP(B10,Pobočky!$A$1:$C$45,2,FALSE)," ") -> Jihozápad | D10: OSV-KOMDO | E10: Beletrie - dospělí | F10: A - BELETRIE VŠEOBECNĚ. | G10: =ROUND(Tabulka57891011121314151617181920212223242526272829303132333435363738394041424344454647[[#This Row],[Kapacita - počet polic]]*Tabulka57891011121314151617181920212223242526272829303132333435363738394041424344454647[[#This Row],[Kapacita - rozměr polic]]*IFERROR(VLOOKUP(Tabulka57891011121314151617181920212223242526272829303132333435363738394041424344454647[[#This Row],[Označení]],OCHy[#All],2,FALSE),0.6),0) -> 131 | H10: 6 | J10: 39 | K10: komiksy pro dospělé | L10: 0.4
A11: =IFERROR(VLOOKUP(B11,Pobočky!$A$1:$C$45,3,FALSE)," ") -> 48 | B11: Ostrovského | C11: =IFERROR(VLOOKUP(B11,Pobočky!$A$1:$C$45,2,FALSE)," ") -> Jihozápad | D11: OSV-KOMDO | E11: Beletrie - dospělí | F11: A - BELETRIE VŠEOBECNĚ. | G11: =ROUND(Tabulka57891011121314151617181920212223242526272829303132333435363738394041424344454647[[#This Row],[Kapacita - počet polic]]*Tabulka57891011121314151617181920212223242526272829303132333435363738394041424344454647[[#This Row],[Kapacita - rozměr polic]]*IFERROR(VLOOKUP(Tabulka57891011121314151617181920212223242526272829303132333435363738394041424344454647[[#This Row],[Označení]],OCHy[#All],2,FALSE),0.6),0) -> 0 | K11: hrabátka atyp, komiksy pro dospělé | L11: 0.4
A12: =IFERROR(VLOOKUP(B12,Pobočky!$A$1:$C$45,3,FALSE)," ") -> 48 | B12: Ostrovského | C12: =IFERROR(VLOOKUP(B12,Pobočky!$A$1:$C$45,2,FALSE)," ") -> Jihozápad | D12: OSV-BELDO | E12: Beletrie - dospělí | F12: A - BELETRIE VŠEOBECNĚ. | G12: =ROUND(Tabulka57891011121314151617181920212223242526272829303132333435363738394041424344454647[[#This Row],[Kapacita - počet polic]]*Tabulka57891011121314151617181920212223242526272829303132333435363738394041424344454647[[#This Row],[Kapacita - rozměr polic]]*IFERROR(VLOOKUP(Tabulka57891011121314151617181920212223242526272829303132333435363738394041424344454647[[#This Row],[Označení]],OCHy[#All],2,FALSE),0.6),0) -> 2043 | H12: 48 | J12: 76 | L12: 0.7
A13: =IFERROR(VLOOKUP(B13,Pobočky!$A$1:$C$45,3,FALSE)," ") -> 48 | B13: Ostrovského | C13: =IFERROR(VLOOKUP(B13,Pobočky!$A$1:$C$45,2,FALSE)," ") -> Jihozápad | D13: OSV-BELDO | E13: Beletrie - dospělí | F13: A - BELETRIE VŠEOBECNĚ. | G13: =ROUND(Tabulka57891011121314151617181920212223242526272829303132333435363738394041424344454647[[#This Row],[Kapacita - počet polic]]*Tabulka57891011121314151617181920212223242526272829303132333435363738394041424344454647[[#This Row],[Kapacita - rozměr polic]]*IFERROR(VLOOKUP(Tabulka57891011121314151617181920212223242526272829303132333435363738394041424344454647[[#This Row],[Označení]],OCHy[#All],2,FALSE),0.6),0) -> 168 | H13: 6 | J13: 50 | L13: 0.7
A14: =IFERROR(VLOOKUP(B14,Pobočky!$A$1:$C$45,3,FALSE)," ") -> 48 | B14: Ostrovského | C14: =IFERROR(VLOOKUP(B14,Pobočky!$A$1:$C$45,2,FALSE)," ") -> Jihozápad | D14: OSV-BELDO | E14: Beletrie - dospělí | F14: A - BELETRIE VŠEOBECNĚ. | G14: =ROUND(Tabulka57891011121314151617181920212223242526272829303132333435363738394041424344454647[[#This Row],[Kapacita - počet polic]]*Tabulka57891011121314151617181920212223242526272829303132333435363738394041424344454647[[#This Row],[Kapacita - rozměr polic]]*IFERROR(VLOOKUP(Tabulka57891011121314151617181920212223242526272829303132333435363738394041424344454647[[#This Row],[Označení]],OCHy[#All],2,FALSE),0.6),0) -> 178 | H14: 6 | J14: 53 | L14: 0.7
A15: =IFERROR(VLOOKUP(B15,Pobočky!$A$1:$C$45,3,FALSE)," ") -> 48 | B15: Ostrovského | C15: =IFERROR(VLOOKUP(B15,Pobočky!$A$1:$C$45,2,FALSE)," ") -> Jihozápad | D15: OSV-BELDO | E15: Beletrie - dospělí | F15: PISTOLE - detektivky | G15: =ROUND(Tabulka57891011121314151617181920212223242526272829303132333435363738394041424344454647[[#This Row],[Kapacita - počet polic]]*Tabulka57891011121314151617181920212223242526272829303132333435363738394041424344454647[[#This Row],[Kapacita - rozměr polic]]*IFERROR(VLOOKUP(Tabulka57891011121314151617181920212223242526272829303132333435363738394041424344454647[[#This Row],[Označení]],OCHy[#All],2,FALSE),0.6),0) -> 274 | H15: 12 | J15: 76 | L15: 0.7
A16: =IFERROR(VLOOKUP(B16,Pobočky!$A$1:$C$45,3,FALSE)," ") -> 48 | B16: Ostrovského | C16: =IFERROR(VLOOKUP(B16,Pobočky!$A$1:$C$45,2,FALSE)," ") -> Jihozápad | D16: OSV-BELDO | E16: Beletrie - dospělí | F16: B - POEZIE. | G16: =ROUND(Tabulka57891011121314151617181920212223242526272829303132333435363738394041424344454647[[#This Row],[Kapacita - počet polic]]*Tabulka57891011121314151617181920212223242526272829303132333435363738394041424344454647[[#This Row],[Kapacita - rozměr polic]]*IFERROR(VLOOKUP(Tabulka57891011121314151617181920212223242526272829303132333435363738394041424344454647[[#This Row],[Označení]],OCHy[#All],2,FALSE),0.6),0) -> 32 | H16: 1 | J16: 53 | K16: divadelní hry | L16: 0.7
A17: =IFERROR(VLOOKUP(B17,Pobočky!$A$1:$C$45,3,FALSE)," ") -> 48 | B17: Ostrovského | C17: =IFERROR(VLOOKUP(B17,Pobočky!$A$1:$C$45,2,FALSE)," ") -> Jihozápad | D17: OSV-BELDO | E17: Beletrie - dospělí | F17: B - POEZIE. | G17: =ROUND(Tabulka57891011121314151617181920212223242526272829303132333435363738394041424344454647[[#This Row],[Kapacita - počet polic]]*Tabulka57891011121314151617181920212223242526272829303132333435363738394041424344454647[[#This Row],[Kapacita - rozměr polic]]*IFERROR(VLOOKUP(Tabulka57891011121314151617181920212223242526272829303132333435363738394041424344454647[[#This Row],[Označení]],OCHy[#All],2,FALSE),0.6),0) -> 159 | H17: 5 | J17: 53 | L17: 0.7
A18: =IFERROR(VLOOKUP(B18,Pobočky!$A$1:$C$45,3,FALSE)," ") -> 48 | B18: Ostrovského | C18: =IFERROR(VLOOKUP(B18,Pobočky!$A$1:$C$45,2,FALSE)," ") -> Jihozápad | D18: OSV-BELDO | E18: Beletrie - dospělí | F18: E.T. - sci-fi | G18: =ROUND(Tabulka57891011121314151617181920212223242526272829303132333435363738394041424344454647[[#This Row],[Kapacita - počet polic]]*Tabulka57891011121314151617181920212223242526272829303132333435363738394041424344454647[[#This Row],[Kapacita - rozměr polic]]*IFERROR(VLOOKUP(Tabulka57891011121314151617181920212223242526272829303132333435363738394041424344454647[[#This Row],[Označení]],OCHy[#All],2,FALSE),0.6),0) -> 55 | H18: 2 | J18: 86 | L18: 0.7
A19: =IFERROR(VLOOKUP(B19,Pobočky!$A$1:$C$45,3,FALSE)," ") -> 48 | B19: Ostrovského | C19: =IFERROR(VLOOKUP(B19,Pobočky!$A$1:$C$45,2,FALSE)," ") -> Jihozápad | D19: OSV-BELDO | E19: Beletrie - dospělí | F19: MÁG - fantasy | G19: =ROUND(Tabulka57891011121314151617181920212223242526272829303132333435363738394041424344454647[[#This Row],[Kapacita - počet polic]]*Tabulka57891011121314151617181920212223242526272829303132333435363738394041424344454647[[#This Row],[Kapacita - rozměr polic]]*IFERROR(VLOOKUP(Tabulka57891011121314151617181920212223242526272829303132333435363738394041424344454647[[#This Row],[Označení]],OCHy[#All],2,FALSE),0.6),0) -> 80 | H19: 3 | J19: 86 | L19: 0.7
A20: =IFERROR(VLOOKUP(B20,Pobočky!$A$1:$C$45,3,FALSE)," ") -> 48 | B20: Ostrovského | C20: =IFERROR(VLOOKUP(B20,Pobočky!$A$1:$C$45,2,FALSE)," ") -> Jihozápad | D20: OSV-BELDO | E20: Beletrie - dospělí | F20: J - CIZOJAZYČNÁ BELETRIE. | G20: =ROUND(Tabulka57891011121314151617181920212223242526272829303132333435363738394041424344454647[[#This Row],[Kapacita - počet polic]]*Tabulka57891011121314151617181920212223242526272829303132333435363738394041424344454647[[#This Row],[Kapacita - rozměr polic]]*IFERROR(VLOOKUP(Tabulka57891011121314151617181920212223242526272829303132333435363738394041424344454647[[#This Row],[Označení]],OCHy[#All],2,FALSE),0.6),0) -> 14 | H20: 0.5 | J20: 76 | K20: J2 | L20: 0.7
A21: =IFERROR(VLOOKUP(B21,Pobočky!$A$1:$C$45,3,FALSE)," ") -> 48 | B21: Ostrovského | C21: =IFERROR(VLOOKUP(B21,Pobočky!$A$1:$C$45,2,FALSE)," ") -> Jihozápad | D21: OSV-BELDO | E21: Beletrie - dospělí | F21: J - CIZOJAZYČNÁ BELETRIE. | G21: =ROUND(Tabulka57891011121314151617181920212223242526272829303132333435363738394041424344454647[[#This Row],[Kapacita - počet polic]]*Tabulka57891011121314151617181920212223242526272829303132333435363738394041424344454647[[#This Row],[Kapacita - rozměr polic]]*IFERROR(VLOOKUP(Tabulka57891011121314151617181920212223242526272829303132333435363738394041424344454647[[#This Row],[Označení]],OCHy[#All],2,FALSE),0.6),0) -> 14 | H21: 0.5 | J21: 76 | K21: J3 | L21: 0.7
A22: =IFERROR(VLOOKUP(B22,Pobočky!$A$1:$C$45,3,FALSE)," ") -> 48 | B22: Ostrovského | C22: =IFERROR(VLOOKUP(B22,Pobočky!$A$1:$C$45,2,FALSE)," ") -> Jihozápad | D22: OSV-BELDO | E22: Beletrie - dospělí | F22: J - CIZOJAZYČNÁ BELETRIE. | G22: =ROUND(Tabulka57891011121314151617181920212223242526272829303132333435363738394041424344454647[[#This Row],[Kapacita - počet polic]]*Tabulka57891011121314151617181920212223242526272829303132333435363738394041424344454647[[#This Row],[Kapacita - rozměr polic]]*IFERROR(VLOOKUP(Tabulka57891011121314151617181920212223242526272829303132333435363738394041424344454647[[#This Row],[Označení]],OCHy[#All],2,FALSE),0.6),0) -> 123 | H22: 4.5 | J22: 76 | K22: J4 | L22: 0.7
A23: =IFERROR(VLOOKUP(B23,Pobočky!$A$1:$C$45,3,FALSE)," ") -> 48 | B23: Ostrovského | C23: =IFERROR(VLOOKUP(B23,Pobočky!$A$1:$C$45,2,FALSE)," ") -> Jihozápad | D23: OSV-BELDO | E23: Beletrie - dospělí | F23: J - CIZOJAZYČNÁ BELETRIE. | G23: =ROUND(Tabulka57891011121314151617181920212223242526272829303132333435363738394041424344454647[[#This Row],[Kapacita - počet polic]]*Tabulka57891011121314151617181920212223242526272829303132333435363738394041424344454647[[#This Row],[Kapacita - rozměr polic]]*IFERROR(VLOOKUP(Tabulka57891011121314151617181920212223242526272829303132333435363738394041424344454647[[#This Row],[Označení]],OCHy[#All],2,FALSE),0.6),0) -> 14 | H23: 0.5 | J23: 76 | K23: J ostatní | L23: 0.7
A24: =IFERROR(VLOOKUP(B24,Pobočky!$A$1:$C$45,3,FALSE)," ") -> 48 | B24: Ostrovského | C24: =IFERROR(VLOOKUP(B24,Pobočky!$A$1:$C$45,2,FALSE)," ") -> Jihozápad | D24: OSV-NAUDO | E24: Naučná - děti | F24: C - DOMÁCNOST. | G24: =ROUND(Tabulka57891011121314151617181920212223242526272829303132333435363738394041424344454647[[#This Row],[Kapacita - počet polic]]*Tabulka57891011121314151617181920212223242526272829303132333435363738394041424344454647[[#This Row],[Kapacita - rozměr polic]]*IFERROR(VLOOKUP(Tabulka57891011121314151617181920212223242526272829303132333435363738394041424344454647[[#This Row],[Označení]],OCHy[#All],2,FALSE),0.6),0) -> 71 | H24: 1.5 | J24: 76 | L24: 0.6
A25: =IFERROR(VLOOKUP(B25,Pobočky!$A$1:$C$45,3,FALSE)," ") -> 48 | B25: Ostrovského | C25: =IFERROR(VLOOKUP(B25,Pobočky!$A$1:$C$45,2,FALSE)," ") -> Jihozápad | D25: OSV-NAUDO | E25: Naučná - dospělí | F25: C - DOMÁCNOST. | G25: =ROUND(Tabulka57891011121314151617181920212223242526272829303132333435363738394041424344454647[[#This Row],[Kapacita - počet polic]]*Tabulka57891011121314151617181920212223242526272829303132333435363738394041424344454647[[#This Row],[Kapacita - rozměr polic]]*IFERROR(VLOOKUP(Tabulka57891011121314151617181920212223242526272829303132333435363738394041424344454647[[#This Row],[Označení]],OCHy[#All],2,FALSE),0.6),0) -> 165 | H25: 3.5 | J25: 76 | L25: 0.7
A26: =IFERROR(VLOOKUP(B26,Pobočky!$A$1:$C$45,3,FALSE)," ") -> 48 | B26: Ostrovského | C26: =IFERROR(VLOOKUP(B26,Pobočky!$A$1:$C$45,2,FALSE)," ") -> Jihozápad | D26: OSV-NAUDO | E26: Naučná - děti | F26: D - DĚJINY. DĚJEPIS. | G26: =ROUND(Tabulka57891011121314151617181920212223242526272829303132333435363738394041424344454647[[#This Row],[Kapacita - počet polic]]*Tabulka57891011121314151617181920212223242526272829303132333435363738394041424344454647[[#This Row],[Kapacita - rozměr polic]]*IFERROR(VLOOKUP(Tabulka57891011121314151617181920212223242526272829303132333435363738394041424344454647[[#This Row],[Označení]],OCHy[#All],2,FALSE),0.6),0) -> 87 | H26: 3 | J26: 76 | L26: 0.6
A27: =IFERROR(VLOOKUP(B27,Pobočky!$A$1:$C$45,3,FALSE)," ") -> 48 | B27: Ostrovského | C27: =IFERROR(VLOOKUP(B27,Pobočky!$A$1:$C$45,2,FALSE)," ") -> Jihozápad | D27: OSV-NAUDO | E27: Naučná - dospělí | F27: D - DĚJINY. DĚJEPIS. | G27: =ROUND(Tabulka57891011121314151617181920212223242526272829303132333435363738394041424344454647[[#This Row],[Kapacita - počet polic]]*Tabulka57891011121314151617181920212223242526272829303132333435363738394041424344454647[[#This Row],[Kapacita - rozměr polic]]*IFERROR(VLOOKUP(Tabulka57891011121314151617181920212223242526272829303132333435363738394041424344454647[[#This Row],[Označení]],OCHy[#All],2,FALSE),0.6),0) -> 347 | H27: 12 | J27: 76 | L27: 0.7
A28: =IFERROR(VLOOKUP(B28,Pobočky!$A$1:$C$45,3,FALSE)," ") -> 48 | B28: Ostrovského | C28: =IFERROR(VLOOKUP(B28,Pobočky!$A$1:$C$45,2,FALSE)," ") -> Jihozápad | D28: OSV-NAUDO | E28: Naučná - děti | F28: E - ZEMĚPIS. VLASTIVĚDA. ETNOGRAFIE. | G28: =ROUND(Tabulka57891011121314151617181920212223242526272829303132333435363738394041424344454647[[#This Row],[Kapacita - počet polic]]*Tabulka57891011121314151617181920212223242526272829303132333435363738394041424344454647[[#This Row],[Kapacita - rozměr polic]]*IFERROR(VLOOKUP(Tabulka57891011121314151617181920212223242526272829303132333435363738394041424344454647[[#This Row],[Označení]],OCHy[#All],2,FALSE),0.6),0) -> 21 | H28: 0.5 | J28: 76 | L28: 0.6
A29: =IFERROR(VLOOKUP(B29,Pobočky!$A$1:$C$45,3,FALSE)," ") -> 48 | B29: Ostrovského | C29: =IFERROR(VLOOKUP(B29,Pobočky!$A$1:$C$45,2,FALSE)," ") -> Jihozápad | D29: OSV-NAUDO | E29: Naučná - dospělí | F29: E - ZEMĚPIS. VLASTIVĚDA. ETNOGRAFIE. | G29: =ROUND(Tabulka57891011121314151617181920212223242526272829303132333435363738394041424344454647[[#This Row],[Kapacita - počet polic]]*Tabulka57891011121314151617181920212223242526272829303132333435363738394041424344454647[[#This Row],[Kapacita - rozměr polic]]*IFERROR(VLOOKUP(Tabulka57891011121314151617181920212223242526272829303132333435363738394041424344454647[[#This Row],[Označení]],OCHy[#All],2,FALSE),0.6),0) -> 135 | H29: 6 | J29: 41 | L29: 0.7
A30: =IFERROR(VLOOKUP(B30,Pobočky!$A$1:$C$45,3,FALSE)," ") -> 48 | B30: Ostrovského | C30: =IFERROR(VLOOKUP(B30,Pobočky!$A$1:$C$45,2,FALSE)," ") -> Jihozápad | D30: OSV-NAUDO | E30: Naučná - dospělí | F30: E - ZEMĚPIS. VLASTIVĚDA. ETNOGRAFIE. | G30: =ROUND(Tabulka57891011121314151617181920212223242526272829303132333435363738394041424344454647[[#This Row],[Kapacita - počet polic]]*Tabulka57891011121314151617181920212223242526272829303132333435363738394041424344454647[[#This Row],[Kapacita - rozměr polic]]*IFERROR(VLOOKUP(Tabulka57891011121314151617181920212223242526272829303132333435363738394041424344454647[[#This Row],[Označení]],OCHy[#All],2,FALSE),0.6),0) -> 84 | H30: 2 | J30: 76 | L30: 0.7
A31: =IFERROR(VLOOKUP(B31,Pobočky!$A$1:$C$45,3,FALSE)," ") -> 48 | B31: Ostrovského | C31: =IFERROR(VLOOKUP(B31,Pobočky!$A$1:$C$45,2,FALSE)," ") -> Jihozápad | D31: OSV-NAUDO | E31: Naučná - dospělí | F31: G - SPOLEČENSKÉ VĚDY. | G31: =ROUND(Tabulka57891011121314151617181920212223242526272829303132333435363738394041424344454647[[#This Row],[Kapacita - počet polic]]*Tabulka57891011121314151617181920212223242526272829303132333435363738394041424344454647[[#This Row],[Kapacita - rozměr polic]]*IFERROR(VLOOKUP(Tabulka57891011121314151617181920212223242526272829303132333435363738394041424344454647[[#This Row],[Označení]],OCHy[#All],2,FALSE),0.6),0) -> 192 | H31: 6 | J31: 76 | K31: děti jen počtem | L31: 0.7
A32: =IFERROR(VLOOKUP(B32,Pobočky!$A$1:$C$45,3,FALSE)," ") -> 48 | B32: Ostrovského | C32: =IFERROR(VLOOKUP(B32,Pobočky!$A$1:$C$45,2,FALSE)," ") -> Jihozápad | D32: OSV-NAUDO | E32: Naučná - děti | F32: K - PŘÍRODNÍ VĚDY. | G32: =ROUND(Tabulka57891011121314151617181920212223242526272829303132333435363738394041424344454647[[#This Row],[Kapacita - počet polic]]*Tabulka57891011121314151617181920212223242526272829303132333435363738394041424344454647[[#This Row],[Kapacita - rozměr polic]]*IFERROR(VLOOKUP(Tabulka57891011121314151617181920212223242526272829303132333435363738394041424344454647[[#This Row],[Označení]],OCHy[#All],2,FALSE),0.6),0) -> 233 | H32: 6 | J32: 76 | L32: 0.6
A33: =IFERROR(VLOOKUP(B33,Pobočky!$A$1:$C$45,3,FALSE)," ") -> 48 | B33: Ostrovského | C33: =IFERROR(VLOOKUP(B33,Pobočky!$A$1:$C$45,2,FALSE)," ") -> Jihozápad | D33: OSV-NAUDO | E33: Naučná - dospělí | F33: K - PŘÍRODNÍ VĚDY. | G33: =ROUND(Tabulka57891011121314151617181920212223242526272829303132333435363738394041424344454647[[#This Row],[Kapacita - počet polic]]*Tabulka57891011121314151617181920212223242526272829303132333435363738394041424344454647[[#This Row],[Kapacita - rozměr polic]]*IFERROR(VLOOKUP(Tabulka57891011121314151617181920212223242526272829303132333435363738394041424344454647[[#This Row],[Označení]],OCHy[#All],2,FALSE),0.6),0) -> 233 | H33: 6 | J33: 76 | L33: 0.7
A34: =IFERROR(VLOOKUP(B34,Pobočky!$A$1:$C$45,3,FALSE)," ") -> 48 | B34: Ostrovského | C34: =IFERROR(VLOOKUP(B34,Pobočky!$A$1:$C$45,2,FALSE)," ") -> Jihozápad | D34: OSV-NAUDO | E34: Naučná - děti | F34: L - FILOZOFIE. PSYCHOLOGIE. ESTETIKA. ETIKA. LOGIKA. NÁBOŽENSTVÍ. | G34: =ROUND(Tabulka57891011121314151617181920212223242526272829303132333435363738394041424344454647[[#This Row],[Kapacita - počet polic]]*Tabulka57891011121314151617181920212223242526272829303132333435363738394041424344454647[[#This Row],[Kapacita - rozměr polic]]*IFERROR(VLOOKUP(Tabulka57891011121314151617181920212223242526272829303132333435363738394041424344454647[[#This Row],[Označení]],OCHy[#All],2,FALSE),0.6),0) -> 36 | H34: 1 | J34: 76 | L34: 0.6
A35: =IFERROR(VLOOKUP(B35,Pobočky!$A$1:$C$45,3,FALSE)," ") -> 48 | B35: Ostrovského | C35: =IFERROR(VLOOKUP(B35,Pobočky!$A$1:$C$45,2,FALSE)," ") -> Jihozápad | D35: OSV-NAUDO | E35: Naučná - dospělí | F35: L - FILOZOFIE. PSYCHOLOGIE. ESTETIKA. ETIKA. LOGIKA. NÁBOŽENSTVÍ. | G35: =ROUND(Tabulka57891011121314151617181920212223242526272829303132333435363738394041424344454647[[#This Row],[Kapacita - počet polic]]*Tabulka57891011121314151617181920212223242526272829303132333435363738394041424344454647[[#This Row],[Kapacita - rozměr polic]]*IFERROR(VLOOKUP(Tabulka57891011121314151617181920212223242526272829303132333435363738394041424344454647[[#This Row],[Označení]],OCHy[#All],2,FALSE),0.6),0) -> 214 | H35: 6 | J35: 76 | L35: 0.7
A36: =IFERROR(VLOOKUP(B36,Pobočky!$A$1:$C$45,3,FALSE)," ") -> 48 | B36: Ostrovského | C36: =IFERROR(VLOOKUP(B36,Pobočky!$A$1:$C$45,2,FALSE)," ") -> Jihozápad | D36: OSV-NAUDO | E36: Naučná - děti | F36: N - PEDAGOGIKA. ŠKOLSTVÍ. VÝCHOVA. VZDĚLÁVÁNÍ. | G36: =ROUND(Tabulka57891011121314151617181920212223242526272829303132333435363738394041424344454647[[#This Row],[Kapacita - počet polic]]*Tabulka57891011121314151617181920212223242526272829303132333435363738394041424344454647[[#This Row],[Kapacita - rozměr polic]]*IFERROR(VLOOKUP(Tabulka57891011121314151617181920212223242526272829303132333435363738394041424344454647[[#This Row],[Označení]],OCHy[#All],2,FALSE),0.6),0) -> 22 | H36: 0.5 | J36: 76 | L36: 0.6
A37: =IFERROR(VLOOKUP(B37,Pobočky!$A$1:$C$45,3,FALSE)," ") -> 48 | B37: Ostrovského | C37: =IFERROR(VLOOKUP(B37,Pobočky!$A$1:$C$45,2,FALSE)," ") -> Jihozápad | D37: OSV-NAUDO | E37: Naučná - dospělí | F37: N - PEDAGOGIKA. ŠKOLSTVÍ. VÝCHOVA. VZDĚLÁVÁNÍ. | G37: =ROUND(Tabulka57891011121314151617181920212223242526272829303132333435363738394041424344454647[[#This Row],[Kapacita - počet polic]]*Tabulka57891011121314151617181920212223242526272829303132333435363738394041424344454647[[#This Row],[Kapacita - rozměr polic]]*IFERROR(VLOOKUP(Tabulka57891011121314151617181920212223242526272829303132333435363738394041424344454647[[#This Row],[Označení]],OCHy[#All],2,FALSE),0.6),0) -> 90 | H37: 2 | J37: 76 | L37: 0.7
A38: =IFERROR(VLOOKUP(B38,Pobočky!$A$1:$C$45,3,FALSE)," ") -> 48 | B38: Ostrovského | C38: =IFERROR(VLOOKUP(B38,Pobočky!$A$1:$C$45,2,FALSE)," ") -> Jihozápad | D38: OSV-NAUDO | E38: Naučná - dospělí | F38: O - PRÁVO. PRÁVNÍ VĚDA. | G38: =ROUND(Tabulka57891011121314151617181920212223242526272829303132333435363738394041424344454647[[#This Row],[Kapacita - počet polic]]*Tabulka57891011121314151617181920212223242526272829303132333435363738394041424344454647[[#This Row],[Kapacita - rozměr polic]]*IFERROR(VLOOKUP(Tabulka57891011121314151617181920212223242526272829303132333435363738394041424344454647[[#This Row],[Označení]],OCHy[#All],2,FALSE),0.6),0) -> 20 | H38: 0.5 | J38: 76 | K38: děti jen počtem | L38: 0.7
A39: =IFERROR(VLOOKUP(B39,Pobočky!$A$1:$C$45,3,FALSE)," ") -> 48 | B39: Ostrovského | C39: =IFERROR(VLOOKUP(B39,Pobočky!$A$1:$C$45,2,FALSE)," ") -> Jihozápad | D39: OSV-NAUDO | E39: Naučná - děti | F39: P - LÉKAŘSTVÍ A ZDRAVOTNICTVÍ. | G39: =ROUND(Tabulka57891011121314151617181920212223242526272829303132333435363738394041424344454647[[#This Row],[Kapacita - počet polic]]*Tabulka57891011121314151617181920212223242526272829303132333435363738394041424344454647[[#This Row],[Kapacita - rozměr polic]]*IFERROR(VLOOKUP(Tabulka57891011121314151617181920212223242526272829303132333435363738394041424344454647[[#This Row],[Označení]],OCHy[#All],2,FALSE),0.6),0) -> 42 | H39: 1 | J39: 76 | L39: 0.6
A40: =IFERROR(VLOOKUP(B40,Pobočky!$A$1:$C$45,3,FALSE)," ") -> 48 | B40: Ostrovského | C40: =IFERROR(VLOOKUP(B40,Pobočky!$A$1:$C$45,2,FALSE)," ") -> Jihozápad | D40: OSV-NAUDO | E40: Naučná - dospělí | F40: P - LÉKAŘSTVÍ A ZDRAVOTNICTVÍ. | G40: =ROUND(Tabulka57891011121314151617181920212223242526272829303132333435363738394041424344454647[[#This Row],[Kapacita - počet polic]]*Tabulka57891011121314151617181920212223242526272829303132333435363738394041424344454647[[#This Row],[Kapacita - rozměr polic]]*IFERROR(VLOOKUP(Tabulka57891011121314151617181920212223242526272829303132333435363738394041424344454647[[#This Row],[Označení]],OCHy[#All],2,FALSE),0.6),0) -> 167 | H40: 4 | J40: 76 | L40: 0.7
A41: =IFERROR(VLOOKUP(B41,Pobočky!$A$1:$C$45,3,FALSE)," ") -> 48 | B41: Ostrovského | C41: =IFERROR(VLOOKUP(B41,Pobočky!$A$1:$C$45,2,FALSE)," ") -> Jihozápad | D41: OSV-NAUDO | E41: Naučná - děti | F41: R - JAZYKOVĚDA. | G41: =ROUND(Tabulka57891011121314151617181920212223242526272829303132333435363738394041424344454647[[#This Row],[Kapacita - počet polic]]*Tabulka57891011121314151617181920212223242526272829303132333435363738394041424344454647[[#This Row],[Kapacita - rozměr polic]]*IFERROR(VLOOKUP(Tabulka57891011121314151617181920212223242526272829303132333435363738394041424344454647[[#This Row],[Označení]],OCHy[#All],2,FALSE),0.6),0) -> 38 | H41: 1 | J41: 76 | L41: 0.6
A42: =IFERROR(VLOOKUP(B42,Pobočky!$A$1:$C$45,3,FALSE)," ") -> 48 | B42: Ostrovského | C42: =IFERROR(VLOOKUP(B42,Pobočky!$A$1:$C$45,2,FALSE)," ") -> Jihozápad | D42: OSV-NAUDO | E42: Naučná - dospělí | F42: R - JAZYKOVĚDA. | G42: =ROUND(Tabulka57891011121314151617181920212223242526272829303132333435363738394041424344454647[[#This Row],[Kapacita - počet polic]]*Tabulka57891011121314151617181920212223242526272829303132333435363738394041424344454647[[#This Row],[Kapacita - rozměr polic]]*IFERROR(VLOOKUP(Tabulka57891011121314151617181920212223242526272829303132333435363738394041424344454647[[#This Row],[Označení]],OCHy[#All],2,FALSE),0.6),0) -> 38 | H42: 1 | J42: 76 | L42: 0.7
A43: =IFERROR(VLOOKUP(B43,Pobočky!$A$1:$C$45,3,FALSE)," ") -> 48 | B43: Ostrovského | C43: =IFERROR(VLOOKUP(B43,Pobočky!$A$1:$C$45,2,FALSE)," ") -> Jihozápad | D43: OSV-NAUDO | E43: Naučná - děti | F43: S - UMĚNÍ. | G43: =ROUND(Tabulka57891011121314151617181920212223242526272829303132333435363738394041424344454647[[#This Row],[Kapacita - počet polic]]*Tabulka57891011121314151617181920212223242526272829303132333435363738394041424344454647[[#This Row],[Kapacita - rozměr polic]]*IFERROR(VLOOKUP(Tabulka57891011121314151617181920212223242526272829303132333435363738394041424344454647[[#This Row],[Označení]],OCHy[#All],2,FALSE),0.6),0) -> 35 | H43: 1 | J43: 76 | L43: 0.6
A44: =IFERROR(VLOOKUP(B44,Pobočky!$A$1:$C$45,3,FALSE)," ") -> 48 | B44: Ostrovského | C44: =IFERROR(VLOOKUP(B44,Pobočky!$A$1:$C$45,2,FALSE)," ") -> Jihozápad | D44: OSV-NAUDO | E44: Naučná - dospělí | F44: S - UMĚNÍ. | G44: =ROUND(Tabulka57891011121314151617181920212223242526272829303132333435363738394041424344454647[[#This Row],[Kapacita - počet polic]]*Tabulka57891011121314151617181920212223242526272829303132333435363738394041424344454647[[#This Row],[Kapacita - rozměr polic]]*IFERROR(VLOOKUP(Tabulka57891011121314151617181920212223242526272829303132333435363738394041424344454647[[#This Row],[Označení]],OCHy[#All],2,FALSE),0.6),0) -> 105 | H44: 3 | J44: 76 | L44: 0.7
A45: =IFERROR(VLOOKUP(B45,Pobočky!$A$1:$C$45,3,FALSE)," ") -> 48 | B45: Ostrovského | C45: =IFERROR(VLOOKUP(B45,Pobočky!$A$1:$C$45,2,FALSE)," ") -> Jihozápad | D45: OSV-NAUDO | E45: Naučná - děti | F45: T - TECHNIKA. | G45: =ROUND(Tabulka57891011121314151617181920212223242526272829303132333435363738394041424344454647[[#This Row],[Kapacita - počet polic]]*Tabulka57891011121314151617181920212223242526272829303132333435363738394041424344454647[[#This Row],[Kapacita - rozměr polic]]*IFERROR(VLOOKUP(Tabulka57891011121314151617181920212223242526272829303132333435363738394041424344454647[[#This Row],[Označení]],OCHy[#All],2,FALSE),0.6),0) -> 45 | H45: 1 | J45: 76 | L45: 0.6
A46: =IFERROR(VLOOKUP(B46,Pobočky!$A$1:$C$45,3,FALSE)," ") -> 48 | B46: Ostrovského | C46: =IFERROR(VLOOKUP(B46,Pobočky!$A$1:$C$45,2,FALSE)," ") -> Jihozápad | D46: OSV-NAUDO | E46: Naučná - dospělí | F46: T - TECHNIKA. | G46: =ROUND(Tabulka57891011121314151617181920212223242526272829303132333435363738394041424344454647[[#This Row],[Kapacita - počet polic]]*Tabulka57891011121314151617181920212223242526272829303132333435363738394041424344454647[[#This Row],[Kapacita - rozměr polic]]*IFERROR(VLOOKUP(Tabulka57891011121314151617181920212223242526272829303132333435363738394041424344454647[[#This Row],[Označení]],OCHy[#All],2,FALSE),0.6),0) -> 22 | H46: 0.5 | J46: 76 | L46: 0.7
A47: =IFERROR(VLOOKUP(B47,Pobočky!$A$1:$C$45,3,FALSE)," ") -> 48 | B47: Ostrovského | C47: =IFERROR(VLOOKUP(B47,Pobočky!$A$1:$C$45,2,FALSE)," ") -> Jihozápad | D47: OSV-NAUDO | E47: Naučná - děti | F47: U - VŠEOBECNÉ ENCYKLOPEDIE. | G47: =ROUND(Tabulka57891011121314151617181920212223242526272829303132333435363738394041424344454647[[#This Row],[Kapacita - počet polic]]*Tabulka57891011121314151617181920212223242526272829303132333435363738394041424344454647[[#This Row],[Kapacita - rozměr polic]]*IFERROR(VLOOKUP(Tabulka57891011121314151617181920212223242526272829303132333435363738394041424344454647[[#This Row],[Označení]],OCHy[#All],2,FALSE),0.6),0) -> 6 | H47: 0.5 | J47: 76 | K47: DOSPĚLÍ JEN POČTEM | L47: 0.6
A48: =IFERROR(VLOOKUP(B48,Pobočky!$A$1:$C$45,3,FALSE)," ") -> 48 | B48: Ostrovského | C48: =IFERROR(VLOOKUP(B48,Pobočky!$A$1:$C$45,2,FALSE)," ") -> Jihozápad | D48: OSV-NAUDO | E48: Naučná - děti | F48: V - HUDBA. | G48: =ROUND(Tabulka57891011121314151617181920212223242526272829303132333435363738394041424344454647[[#This Row],[Kapacita - počet polic]]*Tabulka57891011121314151617181920212223242526272829303132333435363738394041424344454647[[#This Row],[Kapacita - rozměr polic]]*IFERROR(VLOOKUP(Tabulka57891011121314151617181920212223242526272829303132333435363738394041424344454647[[#This Row],[Označení]],OCHy[#All],2,FALSE),0.6),0) -> 35 | H48: 1 | J48: 76 | L48: 0.6
A49: =IFERROR(VLOOKUP(B49,Pobočky!$A$1:$C$45,3,FALSE)," ") -> 48 | B49: Ostrovského | C49: =IFERROR(VLOOKUP(B49,Pobočky!$A$1:$C$45,2,FALSE)," ") -> Jihozápad | D49: OSV-NAUDO | E49: Naučná - dospělí | F49: V - HUDBA. | G49: =ROUND(Tabulka57891011121314151617181920212223242526272829303132333435363738394041424344454647[[#This Row],[Kapacita - počet polic]]*Tabulka57891011121314151617181920212223242526272829303132333435363738394041424344454647[[#This Row],[Kapacita - rozměr polic]]*IFERROR(VLOOKUP(Tabulka57891011121314151617181920212223242526272829303132333435363738394041424344454647[[#This Row],[Označení]],OCHy[#All],2,FALSE),0.6),0) -> 35 | H49: 1 | J49: 76 | L49: 0.7
A50: =IFERROR(VLOOKUP(B50,Pobočky!$A$1:$C$45,3,FALSE)," ") -> 48 | B50: Ostrovského | C50: =IFERROR(VLOOKUP(B50,Pobočky!$A$1:$C$45,2,FALSE)," ") -> Jihozápad | D50: OSV-NAUDO | E50: Naučná - dospělí | F50: W - VOJENSTVÍ. | G50: =ROUND(Tabulka57891011121314151617181920212223242526272829303132333435363738394041424344454647[[#This Row],[Kapacita - počet polic]]*Tabulka57891011121314151617181920212223242526272829303132333435363738394041424344454647[[#This Row],[Kapacita - rozměr polic]]*IFERROR(VLOOKUP(Tabulka57891011121314151617181920212223242526272829303132333435363738394041424344454647[[#This Row],[Označení]],OCHy[#All],2,FALSE),0.6),0) -> 64 | H50: 2 | J50: 76 | K50: DĚTI JEN POČTEM | L50: 0.7
A51: =IFERROR(VLOOKUP(B51,Pobočky!$A$1:$C$45,3,FALSE)," ") -> 48 | B51: Ostrovského | C51: =IFERROR(VLOOKUP(B51,Pobočky!$A$1:$C$45,2,FALSE)," ") -> Jihozápad | D51: OSV-NAUDO | E51: Naučná - dospělí | F51: X - LITERATURA. | G51: =ROUND(Tabulka57891011121314151617181920212223242526272829303132333435363738394041424344454647[[#This Row],[Kapacita - počet polic]]*Tabulka57891011121314151617181920212223242526272829303132333435363738394041424344454647[[#This Row],[Kapacita - rozměr polic]]*IFERROR(VLOOKUP(Tabulka57891011121314151617181920212223242526272829303132333435363738394041424344454647[[#This Row],[Označení]],OCHy[#All],2,FALSE),0.6),0) -> 30 | H51: 1 | J51: 76 | K51: DĚTI JEN POČTEM | L51: 0.7
A52: =IFERROR(VLOOKUP(B52,Pobočky!$A$1:$C$45,3,FALSE)," ") -> 48 | B52: Ostrovského | C52: =IFERROR(VLOOKUP(B52,Pobočky!$A$1:$C$45,2,FALSE)," ") -> Jihozápad | D52: OSV-NAUDO | E52: Naučná - děti | F52: Y - TĚLESNÁ VÝCHOVA A SPORT | G52: =ROUND(Tabulka57891011121314151617181920212223242526272829303132333435363738394041424344454647[[#This Row],[Kapacita - počet polic]]*Tabulka57891011121314151617181920212223242526272829303132333435363738394041424344454647[[#This Row],[Kapacita - rozměr polic]]*IFERROR(VLOOKUP(Tabulka57891011121314151617181920212223242526272829303132333435363738394041424344454647[[#This Row],[Označení]],OCHy[#All],2,FALSE),0.6),0) -> 43 | H52: 1 | J52: 76 | L52: 0.6
A53: =IFERROR(VLOOKUP(B53,Pobočky!$A$1:$C$45,3,FALSE)," ") -> 48 | B53: Ostrovského | C53: =IFERROR(VLOOKUP(B53,Pobočky!$A$1:$C$45,2,FALSE)," ") -> Jihozápad | D53: OSV-NAUDO | E53: Naučná - dospělí | F53: Y - TĚLESNÁ VÝCHOVA A SPORT | G53: =ROUND(Tabulka57891011121314151617181920212223242526272829303132333435363738394041424344454647[[#This Row],[Kapacita - počet polic]]*Tabulka57891011121314151617181920212223242526272829303132333435363738394041424344454647[[#This Row],[Kapacita - rozměr polic]]*IFERROR(VLOOKUP(Tabulka57891011121314151617181920212223242526272829303132333435363738394041424344454647[[#This Row],[Označení]],OCHy[#All],2,FALSE),0.6),0) -> 85 | H53: 2 | J53: 76 | L53: 0.7
A54: =IFERROR(VLOOKUP(B54,Pobočky!$A$1:$C$45,3,FALSE)," ") -> 48 | B54: Ostrovského | C54: =IFERROR(VLOOKUP(B54,Pobočky!$A$1:$C$45,2,FALSE)," ") -> Jihozápad | D54: OSV-NAUDO | E54: Naučná - děti | F54: Z - ZEMĚDĚLSTVÍ. LESNICTVÍ. MYSLIVOST. | G54: =ROUND(Tabulka57891011121314151617181920212223242526272829303132333435363738394041424344454647[[#This Row],[Kapacita - počet polic]]*Tabulka57891011121314151617181920212223242526272829303132333435363738394041424344454647[[#This Row],[Kapacita - rozměr polic]]*IFERROR(VLOOKUP(Tabulka57891011121314151617181920212223242526272829303132333435363738394041424344454647[[#This Row],[Označení]],OCHy[#All],2,FALSE),0.6),0) -> 76 | H54: 1.5 | J54: 76 | L54: 0.6
A55: =IFERROR(VLOOKUP(B55,Pobočky!$A$1:$C$45,3,FALSE)," ") -> 48 | B55: Ostrovského | C55: =IFERROR(VLOOKUP(B55,Pobočky!$A$1:$C$45,2,FALSE)," ") -> Jihozápad | D55: OSV-NAUDO | E55: Naučná - dospělí | F55: Z - ZEMĚDĚLSTVÍ. LESNICTVÍ. MYSLIVOST. | G55: =ROUND(Tabulka57891011121314151617181920212223242526272829303132333435363738394041424344454647[[#This Row],[Kapacita - počet polic]]*Tabulka57891011121314151617181920212223242526272829303132333435363738394041424344454647[[#This Row],[Kapacita - rozměr polic]]*IFERROR(VLOOKUP(Tabulka57891011121314151617181920212223242526272829303132333435363738394041424344454647[[#This Row],[Označení]],OCHy[#All],2,FALSE),0.6),0) -> 76 | H55: 1.5 | J55: 76 | L55: 0.7
A56: =IFERROR(VLOOKUP(B56,Pobočky!$A$1:$C$45,3,FALSE)," ") -> 48 | B56: Ostrovského | C56: =IFERROR(VLOOKUP(B56,Pobočky!$A$1:$C$45,2,FALSE)," ") -> Jihozápad | D56: OSV-HRAB | G56: =ROUND(Tabulka57891011121314151617181920212223242526272829303132333435363738394041424344454647[[#This Row],[Kapacita - počet polic]]*Tabulka57891011121314151617181920212223242526272829303132333435363738394041424344454647[[#This Row],[Kapacita - rozměr polic]]*IFERROR(VLOOKUP(Tabulka57891011121314151617181920212223242526272829303132333435363738394041424344454647[[#This Row],[Označení]],OCHy[#All],2,FALSE),0.6),0) -> 274 | H56: 6 | J56: 76 | L56: 0.5
A57: =IFERROR(VLOOKUP(B57,Pobočky!$A$1:$C$45,3,FALSE)," ") -> 48 | B57: Ostrovského | C57: =IFERROR(VLOOKUP(B57,Pobočky!$A$1:$C$45,2,FALSE)," ") -> Jihozápad | D57: REZERVACE | G57: =ROUND(Tabulka57891011121314151617181920212223242526272829303132333435363738394041424344454647[[#This Row],[Kapacita - počet polic]]*Tabulka57891011121314151617181920212223242526272829303132333435363738394041424344454647[[#This Row],[Kapacita - rozměr polic]]*IFERROR(VLOOKUP(Tabulka57891011121314151617181920212223242526272829303132333435363738394041424344454647[[#This Row],[Označení]],OCHy[#All],2,FALSE),0.6),0) -> 274 | H57: 6 | J57: 76 | L57: 0.7
